id,aesthetics_rating,learnability,efficency,usability_rating,design_quality_rating,task_category,comments_category,verb,obj
1,6,3.0,3,6,6,0,0,0,0
2,6,2.0,3,5,6,0,1,1,1
3,7,4.0,4,7,7,0,0,2,1
4,7,3.0,4,7,7,1,0,3,2
5,6,3.0,3,6,6,1,2,4,2
6,7,4.0,4,7,7,1,0,5,3
7,6,2.0,3,5,6,2,2,6,4
8,6,3.0,3,6,6,2,1,6,4
9,7,4.0,4,7,7,2,2,7,5
10,6,3.0,3,6,6,2,0,7,6
11,5,3.0,3,6,6,2,3,8,7
12,7,4.0,4,7,7,2,0,9,7
13,6,3.0,3,6,6,2,1,9,7
14,6,3.0,3,6,6,2,2,9,8
15,5,3.0,3,6,6,2,2,9,8
16,6,3.0,3,6,6,3,0,1,9
17,5,3.0,2,5,5,3,3,10,10
18,7,3.0,4,7,7,3,0,8,11
19,5,3.0,2,5,5,3,0,1,9
20,5,2.0,2,4,5,0,0,8,12
21,4,2.0,2,4,5,0,0,11,13
22,7,4.0,3,7,7,3,0,12,14
23,4,4.0,4,8,6,3,0,10,9
24,7,4.0,4,7,7,3,3,13,15
25,6,3.0,3,6,6,0,2,8,1
26,6,3.0,3,6,6,0,4,8,16
27,5,3.0,3,5,5,0,3,8,16
28,8,4.0,4,8,8,0,4,14,17
29,6,3.0,3,6,6,2,0,14,17
30,7,3.0,3,7,6,0,2,8,18
31,5,3.0,3,6,5,0,0,2,19
32,6,3.0,3,6,6,0,2,15,20
33,7,4.0,4,7,7,0,0,8,19
34,6,2.0,3,5,6,3,0,1,21
35,5,3.0,4,7,6,4,0,16,22
36,5,4.0,4,6,6,4,0,17,21
37,6,3.0,3,6,6,0,3,14,23
38,5,2.0,3,5,5,0,2,18,23
39,5,4.0,4,7,6,0,3,19,23
40,7,3.0,4,7,7,3,3,1,9
41,4,2.0,2,4,4,3,0,1,24
42,6,3.0,3,5,6,3,0,1,9
43,5,3.0,2,5,5,0,4,0,25
44,6,4.0,4,8,7,3,4,0,25
45,5,3.0,3,6,5,0,4,0,25
46,4,2.0,2,4,4,3,0,2,9
47,6,3.0,3,6,6,0,2,8,19
48,6,4.0,4,7,6,3,4,20,9
49,4,2.0,2,4,4,3,0,1,9
50,6,3.0,3,6,6,3,2,1,9
51,7,4.0,4,7,7,3,0,10,9
52,6,3.0,3,6,6,1,0,10,26
53,6,3.0,3,6,6,3,0,10,27
54,6,3.0,3,6,5,1,2,21,27
55,6,3.0,3,6,6,0,2,9,19
56,6,3.0,3,6,6,0,2,22,19
57,8,4.0,4,8,8,0,0,23,28
58,6,3.0,3,6,6,4,2,24,29
59,7,3.0,4,7,7,4,2,2,30
60,8,4.0,3,7,7,4,2,25,29
61,6,2.0,3,5,6,3,2,10,31
62,6,3.0,3,6,6,0,0,8,32
63,5,2.0,2,4,5,3,0,20,9
64,6,3.0,3,6,6,3,0,1,9
65,5,3.0,2,5,5,3,2,1,9
66,6,3.0,3,5,6,3,2,1,9
67,4,2.0,2,4,4,4,0,16,33
68,6,3.0,3,6,6,4,3,16,33
69,5,3.0,3,6,5,4,0,26,33
70,6,3.0,3,6,6,3,1,27,10
71,7,3.0,4,7,7,3,0,1,34
72,6,3.0,3,5,6,3,1,1,9
73,6,3.0,3,6,6,3,0,10,35
74,4,2.0,2,4,4,3,0,10,35
75,7,4.0,4,7,7,0,0,28,19
76,7,4.0,3,7,7,0,2,8,36
77,6,3.0,3,6,6,0,0,2,36
78,7,3.0,4,7,7,0,0,2,36
79,7,3.0,4,7,7,5,2,10,37
80,5,3.0,2,5,5,5,2,10,37
81,4,4.0,4,4,4,5,1,20,37
82,7,4.0,3,7,7,5,3,29,37
83,4,3.0,3,6,5,5,1,29,37
84,7,3.0,3,6,7,5,4,29,37
85,4,2.0,2,4,4,4,0,30,23
86,5,3.0,3,6,6,4,0,8,23
87,4,4.0,4,4,4,4,0,30,23
88,7,4.0,3,7,7,3,3,1,38
89,6,3.0,3,6,6,3,0,1,38
90,5,3.0,3,5,5,0,3,16,39
91,5,2.0,2,4,5,3,0,20,40
92,6,3.0,3,6,6,3,2,10,41
93,7,3.0,3,7,7,3,0,20,41
94,6,3.0,3,6,6,1,1,21,42
95,6,3.0,3,6,6,1,2,3,43
96,7,3.0,4,7,7,1,1,21,42
97,5,3.0,2,5,5,1,0,5,19
98,6,3.0,3,6,6,1,1,5,44
99,6,4.0,4,7,7,1,2,31,44
100,6,3.0,3,6,6,0,1,16,45
101,6,3.0,3,6,6,0,2,8,46
102,7,3.0,4,7,7,0,1,2,45
103,6,3.0,3,6,6,4,0,19,47
104,3,3.0,3,6,5,4,0,32,48
105,8,4.0,4,8,8,4,0,32,48
106,7,3.0,4,7,7,3,0,20,49
107,6,3.0,3,6,6,3,2,10,50
108,8,4.0,4,7,8,3,2,10,51
109,6,3.0,3,6,6,3,2,10,52
110,6,3.0,3,6,6,3,1,10,53
111,5,2.0,2,5,5,3,1,10,52
112,5,2.0,2,4,5,3,2,10,54
113,6,2.0,3,5,6,3,2,10,54
114,4,4.0,4,4,4,3,4,10,54
115,6,3.0,3,6,6,3,0,1,55
116,7,4.0,3,7,7,3,0,10,56
117,5,3.0,3,5,5,0,0,9,55
118,4,2.0,2,4,4,3,0,1,57
119,6,3.0,3,6,6,3,1,1,57
120,4,4.0,4,4,4,3,1,33,58
121,6,3.0,3,6,6,3,0,11,59
122,4,2.0,2,4,4,3,0,11,59
123,6,3.0,3,5,6,4,2,11,60
124,5,2.0,3,5,5,3,0,34,61
125,6,3.0,3,6,6,3,2,15,62
126,3,4.0,4,5,4,3,1,15,63
127,6,3.0,3,6,6,2,0,35,64
128,6,3.0,3,6,6,3,2,10,9
129,6,3.0,3,6,6,1,0,36,65
130,6,3.0,3,6,6,1,4,19,19
131,6,4.0,3,7,6,1,1,36,65
132,5,2.0,2,4,5,1,2,21,66
133,5,3.0,2,5,5,1,2,21,66
134,5,2.0,2,4,5,1,0,31,44
135,3,2.0,2,4,3,2,0,6,4
136,6,3.0,3,6,6,2,1,10,67
137,5,3.0,2,5,5,2,0,6,68
138,6,3.0,3,6,6,2,0,7,69
139,6,3.0,3,6,6,2,4,7,69
140,5,4.0,4,5,5,2,0,7,69
141,5,3.0,2,5,5,3,0,37,70
142,6,3.0,3,6,6,3,0,8,71
143,6,3.0,3,6,6,3,0,37,70
144,5,3.0,2,5,5,4,1,16,72
145,6,4.0,4,8,7,4,0,16,73
146,5,3.0,3,6,5,4,0,16,40
147,5,3.0,3,6,5,4,0,38,74
148,4,2.0,2,4,4,4,3,38,75
149,8,4.0,4,8,8,4,0,38,76
150,4,2.0,2,4,4,5,2,14,37
151,5,3.0,2,5,5,5,3,1,77
152,8,4.0,4,8,8,5,2,39,78
153,6,3.0,3,6,6,2,0,6,79
154,6,3.0,3,6,6,2,2,6,79
155,7,3.0,4,7,7,2,2,6,79
156,7,3.0,4,7,7,3,2,1,80
157,4,2.0,2,4,4,4,0,16,39
158,6,3.0,3,6,6,4,3,16,81
159,7,3.0,4,7,7,4,0,25,82
160,6,3.0,3,6,6,3,2,1,41
161,7,4.0,3,7,7,3,2,1,83
162,6,3.0,3,6,6,4,2,10,41
163,6,3.0,3,6,6,3,0,1,22
164,4,4.0,4,4,4,4,2,25,83
165,5,3.0,2,5,5,4,0,25,82
166,5,3.0,2,5,5,3,0,10,9
167,8,4.0,4,8,8,3,2,10,84
168,6,3.0,3,6,6,4,2,30,85
169,6,3.0,3,6,6,4,2,30,86
170,6,4.0,4,7,7,4,3,2,87
171,6,3.0,3,6,6,3,2,1,24
172,6,3.0,3,6,6,3,2,1,24
173,5,2.0,2,4,5,3,0,10,9
174,6,3.0,3,6,6,4,0,16,39
175,5,3.0,3,6,6,4,0,16,39
176,7,3.0,3,6,7,4,1,8,39
177,4,2.0,2,4,4,3,2,1,9
178,3,2.0,2,4,4,3,0,19,88
179,6,3.0,3,6,6,3,1,10,9
180,7,4.0,3,7,7,0,1,16,89
181,4,3.0,2,5,5,0,1,16,39
182,6,3.0,3,6,6,0,1,16,39
183,6,3.0,3,6,6,2,2,9,7
184,3,2.0,3,5,4,2,2,9,7
185,5,2.0,2,4,5,0,0,40,90
186,6,3.0,3,6,6,0,0,8,91
187,6,3.0,3,6,6,0,3,2,91
188,5,3.0,2,5,5,1,0,21,42
189,6,3.0,3,6,6,1,2,21,42
190,6,3.0,3,6,6,1,1,21,42
191,6,3.0,3,6,6,3,0,17,92
192,7,4.0,3,7,7,3,0,17,92
193,6,3.0,3,5,6,3,0,8,93
194,5,3.0,2,5,5,0,3,1,94
195,3,2.0,2,4,3,0,0,8,17
196,6,3.0,3,6,6,0,2,9,23
197,6,3.0,3,6,6,2,3,9,7
198,6,3.0,3,6,6,2,3,9,7
199,5,2.0,2,4,5,2,0,1,9
200,5,3.0,2,5,5,5,3,2,95
201,3,2.0,2,4,4,5,4,8,96
202,8,4.0,4,8,8,5,0,41,96
203,6,3.0,3,6,6,5,0,1,9
204,6,3.0,3,6,6,5,4,8,96
205,6,3.0,3,6,6,5,0,2,97
206,6,3.0,3,6,6,0,1,1,39
207,6,3.0,3,6,6,0,4,16,98
208,6,2.0,2,4,5,0,0,16,99
209,6,3.0,3,6,6,1,2,21,42
210,6,3.0,3,6,6,1,2,21,42
211,5,2.0,2,4,5,1,0,21,42
212,5,3.0,2,5,5,3,0,1,18
213,5,3.0,2,5,5,0,2,8,100
214,6,3.0,3,6,6,3,0,10,101
215,4,2.0,2,4,4,3,0,1,9
216,6,2.0,3,5,6,3,0,1,9
217,6,4.0,4,6,6,3,0,1,102
218,7,4.0,3,7,7,1,2,19,39
219,6,3.0,3,6,6,3,2,19,103
220,5,3.0,2,5,5,4,2,31,104
221,6,3.0,3,6,6,2,0,42,105
222,6,3.0,3,6,6,0,0,2,106
223,6,3.0,3,6,6,2,0,42,105
224,6,3.0,3,6,6,0,0,43,47
225,5,2.0,3,5,5,0,2,44,47
226,6,3.0,3,6,6,0,0,45,107
227,6,3.0,3,6,6,5,2,7,108
228,5,3.0,4,7,6,5,1,7,37
229,4,4.0,4,4,4,5,2,7,37
230,5,2.0,2,4,5,3,0,46,84
231,4,2.0,2,4,4,3,2,46,84
232,5,2.0,2,4,5,4,0,25,13
233,5,3.0,2,5,5,4,0,9,109
234,3,3.0,3,6,5,4,4,8,109
235,4,2.0,2,4,4,4,4,9,55
236,6,3.0,3,6,6,5,0,47,110
237,6,3.0,3,6,6,5,3,47,110
238,6,3.0,3,6,7,5,3,47,110
239,6,3.0,3,6,6,1,2,21,42
240,6,3.0,3,6,6,1,2,21,42
241,6,3.0,3,6,6,1,0,21,42
242,5,3.0,3,6,5,5,0,14,37
243,6,3.0,3,6,6,5,0,1,37
244,6,3.0,3,6,6,5,0,8,37
245,4,2.0,2,4,4,3,0,1,24
246,5,2.0,2,4,5,3,1,48,9
247,5,3.0,3,5,5,3,2,10,111
248,6,3.0,3,6,6,1,0,21,66
249,6,3.0,3,6,6,1,2,21,66
250,6,3.0,3,6,6,1,1,21,66
251,6,3.0,3,6,6,0,0,49,112
252,6,3.0,3,6,6,3,0,1,113
253,4,4.0,4,4,4,0,0,15,63
254,4,2.0,2,4,4,0,0,8,114
255,5,3.0,3,6,5,0,0,8,115
256,7,4.0,4,7,7,0,0,1,116
257,6,3.0,3,6,6,5,0,50,77
258,6,3.0,3,6,6,5,2,6,37
259,4,4.0,3,6,5,5,0,6,37
260,7,3.0,4,7,7,3,0,1,83
261,5,3.0,3,6,5,4,3,25,117
262,5,3.0,3,5,5,4,0,10,117
263,5,3.0,2,5,5,0,3,9,118
264,7,3.0,4,7,7,0,0,8,118
265,7,4.0,4,7,7,0,0,51,119
266,3,2.0,2,4,3,4,0,16,89
267,6,2.0,3,5,6,3,0,1,9
268,6,3.0,3,6,6,4,0,52,89
269,6,2.0,3,5,6,3,1,1,9
270,6,3.0,3,6,6,3,1,14,120
271,7,4.0,3,7,7,3,0,8,84
272,6,3.0,3,6,6,1,0,19,48
273,6,3.0,3,6,6,1,0,19,48
274,5,2.0,2,4,5,3,1,53,70
275,6,3.0,3,6,6,5,0,9,113
276,4,2.0,2,4,4,5,0,2,121
277,6,3.0,3,6,6,0,0,2,36
278,6,3.0,3,6,6,1,0,31,44
279,6,3.0,3,6,6,1,2,31,44
280,7,3.0,3,6,6,1,2,54,65
281,6,3.0,3,6,6,3,0,55,23
282,5,2.0,2,4,5,4,0,55,23
283,6,3.0,3,6,6,3,2,1,18
284,6,3.0,3,6,6,0,0,8,19
285,5,3.0,3,6,5,0,0,56,122
286,7,3.0,4,7,7,0,0,15,39
287,6,3.0,3,6,6,2,0,6,123
288,7,3.0,4,7,7,2,2,9,7
289,4,4.0,4,4,4,2,0,9,7
290,6,3.0,3,6,6,3,0,1,9
291,7,3.0,4,7,7,1,0,1,19
292,6,3.0,3,6,6,1,0,9,9
293,6,3.0,3,6,6,0,0,35,116
294,3,2.0,2,4,4,0,2,45,116
295,7,3.0,3,6,6,0,2,45,116
296,7,4.0,3,7,7,3,3,17,84
297,4,2.0,2,4,4,3,0,14,84
298,5,3.0,2,5,5,3,0,14,84
299,4,2.0,2,4,4,0,0,2,116
300,5,2.0,2,4,5,0,0,57,124
301,4,4.0,4,4,4,0,0,44,39
302,6,3.0,3,6,6,1,0,42,125
303,5,3.0,4,7,6,1,2,58,66
304,4,4.0,4,4,4,1,2,4,44
305,5,3.0,3,6,5,4,1,30,87
306,6,2.0,3,5,6,4,2,18,126
307,4,3.0,4,6,4,4,0,19,87
308,6,3.0,3,6,6,3,2,9,18
309,5,3.0,3,6,5,3,1,16,127
310,6,3.0,3,5,6,3,1,1,70
311,6,3.0,3,6,6,5,0,14,37
312,6,3.0,3,6,6,5,2,14,37
313,6,3.0,3,6,6,5,0,14,37
314,6,3.0,3,6,6,0,1,8,88
315,5,3.0,2,5,5,2,1,9,7
316,7,3.0,3,7,6,2,3,22,7
317,4,2.0,2,4,4,0,0,14,128
318,5,2.0,2,4,5,0,0,40,128
319,6,3.0,3,6,6,0,1,59,128
320,6,3.0,3,6,6,1,2,4,129
321,3,3.0,4,7,5,1,0,58,66
322,5,2.0,2,4,5,1,0,4,19
323,5,3.0,3,6,5,1,0,5,44
324,6,3.0,3,6,6,1,0,5,44
325,6,3.0,3,6,6,1,2,31,44
326,6,3.0,3,6,6,3,2,49,130
327,6,3.0,3,6,6,3,2,60,131
328,5,2.0,2,4,5,3,0,10,131
329,6,3.0,3,6,6,2,4,22,7
330,6,3.0,3,6,6,2,4,9,7
331,8,4.0,4,8,8,2,1,22,7
332,6,3.0,3,6,6,5,2,8,132
333,7,4.0,4,8,7,5,0,8,18
334,5,3.0,3,5,5,5,2,8,18
335,5,3.0,2,5,5,0,2,1,133
336,6,3.0,3,6,6,0,4,11,134
337,6,3.0,3,6,6,0,0,45,134
338,4,2.0,2,4,4,0,0,8,135
339,6,2.0,3,5,6,0,0,40,135
340,6,3.0,3,6,6,0,1,9,136
341,6,3.0,3,6,6,3,4,61,137
342,5,3.0,2,5,5,3,0,61,137
343,6,3.0,3,6,6,3,0,61,137
344,6,3.0,3,6,6,1,0,36,138
345,6,3.0,3,6,6,1,2,36,138
346,6,3.0,3,5,6,1,2,36,138
347,7,3.0,4,7,7,0,0,10,139
348,6,3.0,3,6,6,0,2,10,139
349,8,4.0,4,8,8,0,2,10,139
350,8,4.0,4,8,8,2,0,10,103
351,5,3.0,3,6,6,2,4,9,7
352,6,3.0,3,6,6,2,2,1,121
353,6,3.0,3,6,6,2,0,62,9
354,5,3.0,2,5,5,2,2,6,123
355,6,3.0,3,6,6,2,1,9,7
356,6,3.0,3,6,6,3,3,39,34
357,6,3.0,3,6,6,3,0,14,34
358,6,3.0,3,6,6,3,3,1,9
359,6,3.0,3,6,6,3,0,1,9
360,6,3.0,3,6,6,3,0,10,9
361,6,3.0,3,6,6,4,1,63,140
362,5,3.0,2,5,5,0,3,8,18
363,5,3.0,3,6,5,0,0,8,18
364,5,3.0,3,6,5,0,2,8,18
365,6,3.0,3,6,6,0,0,8,141
366,4,4.0,4,8,6,0,0,8,141
367,7,4.0,3,7,6,0,2,8,141
368,7,3.0,4,7,7,4,0,12,14
369,3,2.0,2,4,3,4,0,32,14
370,7,4.0,4,7,7,4,2,32,14
371,6,3.0,3,6,6,2,2,9,142
372,6,3.0,3,6,6,2,0,9,142
373,7,3.0,4,7,7,2,0,9,142
374,7,4.0,3,7,7,5,0,6,143
375,5,2.0,2,4,4,5,0,6,143
376,6,3.0,3,6,6,5,1,47,144
377,6,2.0,3,5,6,3,0,25,145
378,5,3.0,3,6,5,3,0,16,146
379,5,2.0,2,4,5,3,0,16,146
380,6,2.0,3,5,6,4,0,64,147
381,6,3.0,3,6,6,4,0,43,14
382,7,4.0,4,7,7,4,2,65,14
383,6,3.0,3,6,6,4,0,26,19
384,6,3.0,3,6,6,4,3,26,148
385,7,3.0,3,6,6,4,0,26,148
386,6,3.0,3,6,6,4,2,25,117
387,7,4.0,3,7,7,4,0,25,117
388,7,3.0,3,6,6,4,0,25,149
389,7,3.0,4,7,7,3,2,34,113
390,6,3.0,3,6,6,3,0,66,24
391,6,4.0,4,6,6,3,3,66,24
392,6,2.0,3,5,6,0,0,1,9
393,6,3.0,3,6,6,0,2,67,150
394,6,3.0,3,6,6,0,3,18,39
395,6,3.0,3,6,6,3,3,1,9
396,7,3.0,4,7,7,3,3,1,9
397,6,3.0,2,5,6,1,0,9,9
398,5,3.0,2,5,5,3,3,1,9
399,5,3.0,3,6,6,3,0,8,102
400,6,4.0,4,7,6,3,0,8,18
401,7,4.0,3,7,7,3,0,1,102
402,6,3.0,3,6,6,3,0,8,102
403,7,4.0,4,7,7,3,0,8,102
404,6,3.0,3,6,6,3,0,31,18
405,6,3.0,3,6,6,3,0,68,0
406,5,3.0,3,5,5,3,0,8,151
407,6,3.0,3,6,6,3,0,1,9
408,6,3.0,3,6,6,3,2,10,9
409,7,3.0,4,7,7,3,0,1,9
410,4,2.0,2,4,4,3,2,20,9
411,3,2.0,2,4,4,3,3,10,9
412,8,4.0,4,8,8,3,2,1,9
413,7,3.0,4,7,7,2,0,9,7
414,6,3.0,3,6,6,2,2,9,7
415,6,3.0,3,5,6,2,1,9,7
416,6,3.0,3,6,6,0,0,8,114
417,4,2.0,2,4,4,0,0,8,114
418,5,2.0,2,4,5,0,0,8,91
419,7,4.0,3,7,7,1,2,40,152
420,6,2.0,3,5,6,1,2,69,152
421,6,3.0,3,6,6,1,3,69,152
422,6,3.0,3,6,6,2,0,9,153
423,5,3.0,2,5,5,2,0,16,154
424,7,4.0,4,7,7,2,0,8,155
425,6,3.0,3,6,6,3,2,10,156
426,6,3.0,3,6,6,3,2,10,156
427,5,3.0,3,5,5,3,2,10,9
428,6,3.0,3,6,6,2,3,9,9
429,6,3.0,3,6,6,2,0,8,9
430,7,4.0,4,7,7,2,3,9,7
431,7,3.0,4,7,7,4,0,70,157
432,6,3.0,3,6,6,4,2,70,157
433,7,4.0,4,7,7,4,3,-1,-1
434,6,3.0,3,6,6,0,0,45,113
435,7,3.0,4,7,7,0,0,45,158
436,5,2.0,2,4,5,0,0,45,80
437,7,3.0,4,7,7,1,0,19,39
438,6,2.0,3,5,6,1,2,44,39
439,5,3.0,3,5,5,1,0,31,44
440,6,3.0,3,6,6,2,0,10,79
441,6,3.0,3,6,6,2,0,6,79
442,5,2.0,2,4,5,2,0,1,79
443,6,3.0,3,6,6,4,0,38,159
444,5,3.0,4,7,6,3,1,71,55
445,6,3.0,3,5,6,3,1,9,9
446,6,3.0,3,6,6,3,1,10,9
447,2,1.0,1,2,2,3,0,8,9
448,5,3.0,3,5,5,3,0,10,10
449,7,4.0,3,7,7,1,0,31,65
450,4,2.0,2,4,4,1,2,31,65
451,6,3.0,3,6,6,1,4,31,65
452,3,2.0,2,4,3,3,0,72,3
453,5,3.0,2,5,5,3,0,1,3
454,7,4.0,4,7,7,3,4,72,3
455,6,3.0,3,6,6,4,3,2,160
456,3,3.0,3,6,5,4,3,73,161
457,4,4.0,4,4,4,4,2,26,162
458,5,3.0,3,6,5,2,0,6,7
459,5,3.0,2,5,5,2,3,9,7
460,6,3.0,3,6,6,2,1,74,7
461,5,3.0,2,5,5,3,0,19,19
462,3,4.0,4,8,6,3,3,37,67
463,8,4.0,4,8,8,1,1,60,163
464,6,3.0,3,6,6,1,0,11,164
465,7,3.0,4,7,7,3,0,8,164
466,6,3.0,3,6,6,1,0,11,164
467,6,3.0,3,6,6,4,0,26,165
468,5,3.0,2,5,5,4,0,8,71
469,6,3.0,3,5,6,4,1,75,165
470,6,3.0,3,6,6,1,2,42,44
471,3,2.0,2,4,4,1,0,42,44
472,4,4.0,4,4,4,1,4,42,44
473,6,3.0,3,6,6,0,2,8,13
474,3,3.0,3,6,4,0,0,76,166
475,8,4.0,4,8,8,0,2,76,166
476,7,3.0,4,7,7,2,0,6,167
477,4,2.0,2,4,4,2,0,6,74
478,6,3.0,3,6,6,2,2,6,167
479,6,3.0,3,6,6,0,0,45,168
480,5,3.0,2,5,5,0,2,77,167
481,4,4.0,4,5,5,2,2,78,167
482,6,3.0,3,6,6,1,2,23,39
483,5,3.0,2,5,5,1,2,79,4
484,7,4.0,4,7,7,1,1,12,19
485,6,3.0,3,6,6,0,0,14,169
486,6,3.0,3,6,6,0,0,1,19
487,6,3.0,3,6,6,0,0,8,170
488,6,3.0,3,6,6,5,0,11,37
489,7,4.0,3,7,7,5,0,11,37
490,7,3.0,4,7,7,5,4,11,37
491,6,3.0,3,6,6,0,1,80,171
492,6,3.0,3,6,6,0,2,45,160
493,6,3.0,3,6,6,0,1,49,112
494,6,3.0,3,6,6,0,3,9,172
495,7,3.0,4,7,7,0,3,8,0
496,5,3.0,2,5,5,0,2,16,173
497,5,3.0,3,6,6,3,0,37,75
498,7,3.0,4,7,7,0,0,2,173
499,5,3.0,2,5,5,3,0,1,174
500,6,3.0,3,6,6,3,4,81,174
501,7,4.0,4,7,7,3,0,1,175
502,6,3.0,3,6,6,1,2,82,44
503,6,3.0,3,6,6,1,2,21,66
504,4,4.0,4,4,4,1,2,21,66
505,5,3.0,2,5,5,0,1,2,176
506,6,3.0,3,6,6,0,3,45,177
507,6,3.0,3,5,6,0,0,8,39
508,7,4.0,3,7,7,4,0,47,178
509,4,2.0,3,5,4,4,0,83,179
510,6,3.0,3,6,6,4,2,10,180
511,7,3.0,4,7,7,1,0,19,19
512,5,3.0,2,5,5,1,2,21,66
513,4,4.0,4,4,4,1,2,21,66
514,6,3.0,3,6,6,2,0,11,181
515,6,2.0,3,5,6,2,2,11,182
516,5,2.0,2,4,5,2,1,31,181
517,6,3.0,3,6,6,0,0,8,183
518,6,4.0,4,8,7,0,4,16,183
519,7,3.0,4,7,7,0,1,2,183
520,5,3.0,2,5,5,0,0,8,184
521,5,3.0,2,5,5,0,0,2,184
522,5,3.0,3,6,5,0,2,8,185
523,7,4.0,3,7,7,4,0,38,186
524,4,2.0,2,4,4,4,0,84,74
525,5,2.0,2,4,5,4,0,38,74
526,5,3.0,2,5,5,4,2,61,187
527,6,3.0,3,6,6,4,2,61,187
528,5,3.0,3,5,5,4,2,61,187
529,7,3.0,4,7,7,1,2,19,150
530,6,3.0,3,6,6,1,1,58,66
531,6,3.0,3,6,6,4,4,65,89
532,6,3.0,3,6,6,4,0,61,188
533,5,2.0,2,4,5,4,0,65,188
534,6,3.0,3,6,6,5,0,14,189
535,5,3.0,3,6,6,5,2,14,37
536,4,4.0,4,4,4,5,1,85,189
537,7,3.0,4,7,7,3,3,86,190
538,6,3.0,3,6,6,3,4,86,190
539,6,4.0,4,4,4,3,2,86,190
540,6,2.0,3,5,6,5,0,20,113
541,7,3.0,3,6,6,5,0,10,96
542,7,3.0,3,6,7,5,0,20,113
543,6,3.0,3,6,6,5,1,14,96
544,6,3.0,3,6,6,5,1,14,96
545,7,4.0,4,7,7,5,0,14,96
546,5,3.0,2,5,5,5,2,10,53
547,6,3.0,3,6,6,5,2,10,53
548,6,3.0,3,6,6,5,2,20,53
549,5,3.0,2,5,5,2,1,9,8
550,6,3.0,3,6,6,2,2,7,9
551,6,4.0,4,7,7,2,2,87,8
552,7,3.0,4,7,7,4,0,1,18
553,2,2.0,2,4,3,4,0,88,191
554,6,4.0,4,6,6,4,0,8,18
555,3,2.0,2,4,3,4,0,72,192
556,5,2.0,2,4,5,3,0,10,102
557,5,2.0,2,5,5,4,0,72,161
558,6,3.0,3,6,6,4,0,16,193
559,3,2.0,2,4,3,4,0,16,170
560,6,3.0,3,6,6,4,0,16,39
561,6,3.0,3,6,6,4,2,8,160
562,7,4.0,3,7,7,4,2,2,36
563,6,3.0,3,6,6,4,2,8,41
564,6,3.0,3,6,6,0,4,8,22
565,6,3.0,3,6,6,4,4,16,22
566,3,2.0,3,4,4,0,0,2,21
567,6,2.0,3,5,6,3,2,1,194
568,5,3.0,2,5,5,0,2,2,193
569,6,3.0,3,6,6,3,2,89,70
570,3,2.0,2,4,3,1,2,19,23
571,6,3.0,3,6,6,1,0,5,19
572,7,4.0,3,7,7,1,2,5,23
573,7,3.0,4,7,7,3,4,20,9
574,6,2.0,3,5,6,3,0,1,9
575,7,4.0,4,7,7,3,4,1,102
576,5,3.0,3,6,5,1,2,21,42
577,7,3.0,3,6,7,1,0,21,42
578,5,3.0,2,5,5,0,0,16,195
579,6,3.0,4,7,6,0,2,16,195
580,6,3.0,3,6,6,0,0,16,195
581,6,3.0,3,6,6,4,0,10,9
582,5,2.0,2,4,4,4,0,90,87
583,7,4.0,4,7,7,4,0,30,196
584,6,2.0,3,5,6,2,2,9,7
585,7,4.0,4,8,7,2,1,9,7
586,5,3.0,3,5,5,2,2,9,7
587,5,3.0,3,6,5,2,0,9,7
588,3,2.0,3,5,4,2,3,9,7
589,5,2.0,2,4,5,2,0,74,7
590,3,2.0,2,4,3,3,0,16,89
591,6,2.0,3,5,6,3,0,16,22
592,6,4.0,4,6,6,3,4,91,197
593,6,3.0,3,6,6,2,3,9,9
594,7,3.0,4,7,7,2,3,9,102
595,5,4.0,4,7,6,2,0,8,102
596,7,3.0,4,7,7,2,0,40,7
597,6,3.0,3,6,6,2,4,9,7
598,8,4.0,4,7,8,2,3,9,7
599,7,3.0,4,7,7,4,2,24,198
600,6,3.0,3,6,6,4,2,24,76
601,6,4.0,3,7,6,3,2,1,199
602,6,3.0,3,6,6,2,2,6,123
603,6,3.0,3,6,6,2,2,92,200
604,7,3.0,3,6,6,2,4,19,47
605,6,2.0,3,5,6,2,1,9,9
606,3,3.0,3,6,4,2,1,9,7
607,7,4.0,3,7,7,2,1,6,123
608,6,3.0,3,6,6,4,1,93,12
609,4,3.0,3,6,5,4,2,11,201
610,6,3.0,3,6,6,4,3,11,202
611,7,4.0,3,7,7,2,3,35,203
612,5,3.0,2,5,5,2,0,94,204
613,6,4.0,4,7,7,2,3,95,205
614,5,2.0,3,5,5,3,0,8,34
615,6,3.0,3,6,6,3,0,96,34
616,6,3.0,3,6,6,3,0,10,9
617,6,3.0,3,6,6,3,1,8,39
618,6,3.0,3,6,6,3,0,1,10
619,7,4.0,3,7,7,0,1,8,39
620,6,3.0,3,6,6,3,3,10,19
621,5,4.0,4,8,6,3,2,20,9
622,5,2.0,2,4,4,3,2,10,9
623,7,4.0,3,7,7,2,4,62,7
624,3,4.0,4,8,6,2,2,9,8
625,8,4.0,4,8,8,2,3,9,8
626,6,3.0,3,6,6,0,0,40,160
627,6,3.0,3,6,6,0,3,54,206
628,5,4.0,4,5,5,0,3,28,36
629,7,3.0,4,7,7,5,0,8,207
630,6,2.0,3,5,6,5,1,16,208
631,6,4.0,3,6,6,0,4,8,39
632,5,3.0,2,5,5,0,0,16,45
633,5,3.0,2,5,5,0,0,16,45
634,5,2.0,3,5,5,0,0,16,45
635,6,3.0,3,6,6,3,0,20,9
636,5,2.0,2,5,5,3,0,10,9
637,7,3.0,3,6,6,3,0,10,9
638,6,3.0,3,6,6,1,1,15,209
639,7,3.0,4,7,7,1,4,15,209
640,6,4.0,4,7,7,1,0,15,209
641,6,3.0,3,6,6,1,0,31,44
642,5,3.0,2,5,5,1,0,5,47
643,7,4.0,4,6,7,1,0,31,44
644,7,3.0,4,7,7,4,0,16,22
645,5,3.0,2,5,5,4,1,16,33
646,7,4.0,4,7,7,4,0,16,33
647,6,3.0,3,6,6,4,0,47,159
648,5,3.0,2,5,5,3,3,10,9
649,5,2.0,2,4,5,4,0,47,159
650,6,3.0,3,6,6,4,0,10,9
651,3,2.0,2,4,3,4,0,16,33
652,4,2.0,2,4,4,4,0,1,33
653,7,3.0,4,7,7,1,2,21,66
654,5,3.0,3,6,6,1,0,19,48
655,6,3.0,3,6,6,1,0,21,66
656,6,3.0,3,6,6,0,1,11,109
657,6,3.0,3,6,6,0,0,11,109
658,7,3.0,4,7,7,0,1,11,109
659,7,3.0,4,7,7,2,2,97,80
660,6,3.0,3,6,6,2,0,25,45
661,6,3.0,4,7,6,2,3,97,80
662,6,3.0,3,6,6,3,4,1,120
663,7,3.0,3,6,7,3,1,14,120
664,6,3.0,3,6,6,3,0,14,120
665,6,3.0,3,6,6,4,1,38,186
666,6,3.0,3,6,6,4,2,38,186
667,7,4.0,4,7,7,4,0,1,186
668,6,3.0,3,6,6,4,0,32,48
669,5,2.0,2,4,5,4,1,32,48
670,5,3.0,2,5,5,4,0,32,48
671,6,3.0,3,6,6,3,1,25,80
672,4,3.0,3,6,5,3,0,98,210
673,7,3.0,3,6,7,3,2,15,211
674,5,3.0,2,5,5,5,0,8,212
675,6,3.0,3,6,6,5,0,40,19
676,5,3.0,3,6,5,5,0,8,19
677,6,3.0,3,6,6,5,1,68,213
678,7,4.0,3,7,7,1,0,19,39
679,6,3.0,3,6,6,5,0,2,214
680,3,2.0,2,4,3,5,4,2,214
681,5,3.0,2,5,5,3,0,1,84
682,6,3.0,3,6,6,3,2,10,10
683,8,4.0,4,8,8,3,0,20,10
684,7,3.0,4,7,7,3,0,99,215
685,5,3.0,2,5,5,3,0,27,34
686,7,3.0,4,7,7,3,4,20,9
687,6,2.0,3,5,6,3,1,36,9
688,5,2.0,2,4,5,3,1,10,9
689,5,3.0,2,5,5,3,0,1,9
690,6,3.0,3,6,6,3,4,10,9
691,6,3.0,3,6,6,3,4,8,216
692,7,3.0,4,7,7,1,1,58,66
693,5,3.0,3,6,5,1,4,4,217
694,5,2.0,3,5,5,1,4,4,217
695,6,3.0,3,6,6,2,1,10,86
696,6,3.0,3,6,6,2,0,10,86
697,8,4.0,4,8,8,2,0,10,86
698,6,3.0,3,6,6,0,3,15,103
699,6,3.0,3,6,6,3,2,39,19
700,6,4.0,4,6,6,0,4,39,19
701,6,3.0,3,6,6,4,0,84,22
702,5,3.0,3,6,6,4,4,38,76
703,4,4.0,4,4,4,4,4,38,76
704,6,3.0,3,6,6,2,1,10,79
705,3,2.0,2,4,3,2,0,10,79
706,7,4.0,4,7,7,2,0,94,79
707,4,2.0,2,4,4,0,0,45,218
708,4,3.0,3,6,5,1,0,100,113
709,5,3.0,3,6,5,1,4,100,219
710,5,3.0,2,5,5,4,0,84,86
711,4,3.0,3,6,5,4,2,10,86
712,6,3.0,4,6,6,4,0,10,86
713,6,3.0,3,6,6,4,1,38,220
714,1,1.0,1,2,1,2,0,9,7
715,5,3.0,3,5,5,4,0,38,220
716,7,4.0,3,7,7,1,0,58,66
717,3,3.0,3,6,5,3,3,20,9
718,4,3.0,3,5,5,3,3,8,9
719,4,2.0,2,4,4,3,0,1,9
720,4,4.0,3,7,5,3,2,10,9
721,4,4.0,4,4,4,3,4,15,221
722,6,3.0,3,6,6,3,3,20,31
723,6,3.0,3,6,6,3,3,14,222
724,5,3.0,2,5,5,3,0,1,18
725,7,4.0,3,7,7,1,2,20,111
726,6,3.0,3,6,6,1,4,10,111
727,6,2.0,3,5,6,1,1,21,66
728,6,3.0,3,6,6,0,0,1,116
729,6,4.0,3,7,6,0,0,8,173
730,6,3.0,3,6,6,0,0,8,114
731,6,3.0,3,6,6,1,3,69,223
732,6,3.0,3,6,6,1,2,69,223
733,5,2.0,3,5,5,1,3,69,224
734,6,3.0,3,6,6,0,1,8,19
735,6,3.0,3,6,6,0,0,8,19
736,5,3.0,2,5,5,5,0,39,170
737,4,2.0,2,4,4,0,3,14,225
738,5,3.0,3,6,6,0,3,8,70
739,7,3.0,4,8,7,0,4,22,225
740,6,3.0,3,6,6,0,1,16,224
741,5,2.0,3,5,5,0,0,16,224
742,7,4.0,4,7,7,0,3,16,224
743,6,3.0,3,6,6,0,1,16,22
744,7,4.0,3,7,7,5,0,1,19
745,6,3.0,3,6,6,5,1,101,226
746,6,3.0,3,6,6,1,0,21,66
747,6,3.0,3,6,6,1,2,21,66
748,7,4.0,4,8,8,1,4,21,66
749,6,3.0,3,6,6,3,3,40,227
750,4,3.0,3,6,5,4,3,16,227
751,5,3.0,3,5,5,4,0,10,227
752,4,2.0,2,4,4,5,0,10,228
753,6,3.0,3,6,6,3,0,1,9
754,7,4.0,3,7,7,3,4,1,9
755,4,2.0,2,4,4,1,0,6,65
756,5,3.0,3,6,6,1,0,9,65
757,6,3.0,3,6,6,1,4,9,65
758,6,3.0,3,6,6,3,0,14,0
759,6,3.0,3,6,6,0,1,2,18
760,6,3.0,3,6,6,3,4,14,0
761,6,3.0,3,6,6,3,0,1,9
762,6,3.0,3,6,6,0,2,8,19
763,8,4.0,4,8,8,3,0,10,9
764,6,3.0,3,6,6,0,0,2,160
765,6,3.0,3,6,6,0,0,45,229
766,7,4.0,4,8,8,0,2,45,229
767,7,3.0,4,7,7,3,0,17,230
768,6,3.0,3,6,6,3,0,10,231
769,10,4.0,4,8,9,3,0,10,231
770,7,4.0,3,7,7,3,4,17,41
771,4,2.0,2,4,4,3,0,2,19
772,7,4.0,4,7,7,3,4,1,19
773,5,2.0,3,5,5,1,1,41,189
774,6,3.0,3,6,6,1,1,1,189
775,6,3.0,3,5,6,5,1,39,189
776,5,2.0,3,5,5,2,4,10,232
777,6,3.0,3,6,6,2,1,60,232
778,6,4.0,4,6,6,2,1,10,232
779,6,3.0,3,6,6,4,0,30,233
780,6,3.0,3,6,6,4,3,30,233
781,7,4.0,4,7,7,4,0,30,73
782,7,3.0,4,7,7,1,0,10,9
783,4,2.0,2,4,4,3,0,10,9
784,7,4.0,3,7,7,1,3,20,234
785,4,2.0,2,4,4,0,4,10,9
786,6,3.0,3,6,6,0,1,20,235
787,7,4.0,4,7,7,0,1,2,236
788,6,3.0,3,6,6,3,0,1,9
789,4,2.0,2,4,4,2,0,2,24
790,5,3.0,3,5,5,2,4,9,7
791,7,3.0,4,7,7,1,0,44,39
792,6,2.0,3,5,6,1,0,44,19
793,7,4.0,4,7,7,1,0,55,19
794,3,2.0,2,4,3,1,0,2,237
795,6,2.0,3,5,6,3,1,1,39
796,7,3.0,3,6,7,1,0,4,238
797,7,4.0,3,7,7,3,4,1,9
798,6,3.0,3,6,6,0,4,8,239
799,4,4.0,4,4,4,3,0,8,84
800,4,2.0,2,4,4,1,0,21,66
801,5,3.0,2,5,5,1,0,21,66
802,6,2.0,3,5,6,1,1,102,66
803,6,3.0,3,6,6,1,0,76,44
804,6,3.0,3,6,6,1,0,4,44
805,6,3.0,4,7,7,1,3,4,43
806,5,3.0,3,6,5,3,0,2,214
807,6,2.0,3,5,6,3,0,8,240
808,5,2.0,2,4,5,3,0,8,16
809,6,3.0,3,6,6,0,0,16,114
810,5,3.0,3,6,5,0,0,16,22
811,7,4.0,4,7,7,0,0,16,114
812,7,3.0,4,7,7,4,4,26,56
813,6,3.0,3,6,6,4,4,26,241
814,7,4.0,4,7,7,4,0,26,55
815,6,3.0,3,6,6,0,4,8,119
816,5,3.0,2,5,5,0,1,72,242
817,5,3.0,2,5,5,0,2,11,242
818,7,4.0,3,7,7,0,3,22,242
819,6,3.0,3,6,6,3,3,10,101
820,7,3.0,4,7,7,3,0,10,101
821,7,4.0,4,7,7,3,2,10,101
822,6,3.0,3,6,6,0,0,2,45
823,5,3.0,2,5,5,0,0,2,243
824,4,4.0,4,4,4,0,1,8,19
825,6,3.0,3,6,6,3,2,1,9
826,5,3.0,2,5,5,3,2,1,9
827,8,4.0,4,8,8,1,1,24,45
828,6,3.0,3,6,6,2,0,9,7
829,5,2.0,2,4,5,2,1,9,244
830,7,4.0,3,7,7,4,0,10,55
831,6,3.0,3,6,6,4,0,25,165
832,2,1.0,1,2,2,4,3,15,165
833,5,2.0,3,5,5,3,3,1,245
834,6,3.0,3,6,6,4,4,26,9
835,6,3.0,3,6,6,4,1,26,9
836,6,3.0,3,6,6,2,0,10,54
837,4,2.0,2,4,4,3,2,71,246
838,5,2.0,2,4,5,2,0,10,123
839,5,3.0,2,5,5,3,0,10,9
840,6,2.0,3,5,6,3,1,20,182
841,5,3.0,3,5,5,3,4,20,182
842,7,3.0,4,7,7,1,0,1,228
843,5,2.0,2,4,5,1,0,20,247
844,4,4.0,4,4,4,1,0,103,90
845,6,3.0,3,6,6,3,3,37,70
846,6,3.0,3,6,6,3,2,16,22
847,6,3.0,3,5,6,3,1,20,9
848,3,2.0,2,4,3,3,0,1,248
849,5,3.0,2,5,5,3,0,1,248
850,6,3.0,3,6,6,3,0,8,186
851,5,3.0,2,5,5,3,0,1,249
852,7,3.0,4,7,7,0,0,11,250
853,4,2.0,2,4,4,0,0,11,250
854,8,4.0,4,8,8,0,2,11,19
855,7,3.0,4,7,7,2,2,10,150
856,6,3.0,3,6,6,2,0,10,150
857,8,4.0,4,8,8,2,2,10,150
858,6,3.0,3,6,6,3,0,1,251
859,5,3.0,2,5,5,4,0,8,251
860,7,4.0,4,8,7,4,0,94,252
861,6,3.0,3,6,6,0,1,17,253
862,5,3.0,2,5,5,0,4,9,253
863,5,2.0,3,5,5,0,4,9,253
864,5,3.0,3,6,6,4,1,31,74
865,5,3.0,2,5,5,4,4,1,74
866,5,3.0,2,5,5,4,2,31,74
867,7,3.0,4,7,7,3,3,10,9
868,6,3.0,3,6,6,3,2,10,9
869,5,3.0,3,6,6,2,0,9,7
870,4,2.0,2,4,4,2,0,62,254
871,6,3.0,3,6,6,2,0,9,255
872,6,3.0,3,6,6,2,0,9,254
873,6,3.0,3,6,6,0,1,16,22
874,6,3.0,3,6,6,0,4,16,114
875,7,3.0,3,6,7,0,0,8,22
876,6,3.0,3,6,6,5,2,1,208
877,4,3.0,3,6,5,5,2,8,22
878,6,3.0,3,5,6,5,4,17,9
879,6,3.0,3,6,6,4,0,84,21
880,4,3.0,3,6,5,0,0,8,18
881,5,2.0,2,4,5,4,0,84,22
882,7,3.0,4,7,7,3,3,37,67
883,6,3.0,3,6,6,3,0,11,3
884,4,4.0,4,4,4,3,2,11,3
885,6,3.0,3,6,6,0,3,11,84
886,6,3.0,3,6,6,0,0,11,84
887,5,2.0,2,4,5,0,2,8,18
888,7,3.0,4,7,7,0,0,94,18
889,6,3.0,3,6,6,3,1,104,12
890,5,3.0,3,5,5,0,0,9,18
891,7,3.0,4,7,7,3,0,10,101
892,6,3.0,3,6,6,0,0,8,18
893,8,4.0,4,7,7,3,0,10,101
894,3,2.0,2,4,3,4,0,16,89
895,5,2.0,3,5,5,4,0,16,21
896,3,2.0,2,4,3,4,4,9,256
897,7,3.0,4,7,7,0,0,45,257
898,6,2.0,3,5,6,0,1,2,258
899,7,3.0,2,6,7,0,0,57,259
900,6,3.0,3,6,6,2,1,10,10
901,7,3.0,4,7,7,2,0,10,260
902,8,4.0,4,8,8,3,1,10,10
903,6,3.0,3,6,6,1,4,39,3
904,6,3.0,3,6,6,1,1,39,3
905,5,3.0,3,5,5,1,4,39,17
906,6,3.0,3,6,6,3,1,1,84
907,7,3.0,4,7,7,3,0,17,18
908,4,4.0,4,4,4,3,0,33,58
909,6,3.0,3,6,6,3,3,105,261
910,6,2.0,3,5,6,3,0,98,75
911,6,3.0,3,6,6,0,2,8,39
912,7,3.0,4,7,7,1,4,21,42
913,6,3.0,3,6,6,1,1,106,262
914,6,3.0,3,6,6,1,1,21,66
915,3,2.0,2,4,3,5,0,14,263
916,6,3.0,3,6,6,5,0,14,263
917,6,3.0,3,6,6,5,0,14,263
918,7,4.0,3,7,7,2,0,9,7
919,6,3.0,3,6,6,2,0,9,7
920,6,2.0,3,5,6,2,0,1,9
921,6,2.0,3,5,6,4,0,107,89
922,6,3.0,3,6,6,0,0,8,236
923,7,3.0,3,6,6,0,0,8,70
924,6,2.0,3,5,6,0,0,63,264
925,5,3.0,3,6,5,0,3,23,39
926,8,4.0,4,8,8,0,1,45,265
927,6,3.0,3,6,6,5,1,108,263
928,5,3.0,2,5,5,5,2,39,263
929,6,3.0,3,6,6,5,2,39,263
930,5,3.0,2,5,5,2,0,9,7
931,3,3.0,3,6,5,2,0,9,7
932,5,2.0,2,4,5,2,1,9,70
933,3,2.0,2,4,3,2,0,10,266
934,6,3.0,3,6,6,2,0,10,192
935,6,3.0,3,6,6,2,0,10,266
936,7,4.0,3,7,7,3,4,1,18
937,6,3.0,3,6,6,3,2,1,9
938,6,3.0,3,6,6,3,1,1,18
939,7,3.0,3,6,7,2,1,62,7
940,4,3.0,3,6,5,2,0,9,7
941,4,4.0,4,4,4,2,0,9,7
942,4,2.0,2,4,4,5,0,45,37
943,3,2.0,2,4,3,5,3,10,9
944,4,1.0,1,2,4,5,3,8,9
945,3,2.0,2,4,3,1,0,14,78
946,6,3.0,3,6,6,5,0,19,37
947,4,4.0,4,4,4,1,0,14,267
948,5,3.0,3,6,5,2,0,1,266
949,6,3.0,3,6,6,2,0,10,10
950,7,4.0,4,7,7,2,0,1,266
951,6,2.0,3,5,6,2,0,48,9
952,6,3.0,3,6,6,2,3,8,7
953,7,4.0,4,7,7,2,0,9,7
954,6,3.0,3,6,6,1,4,36,268
955,6,3.0,3,6,6,1,0,109,224
956,6,4.0,4,6,6,1,1,8,224
957,7,3.0,4,7,7,3,0,110,84
958,6,3.0,3,6,6,0,0,1,9
959,5,3.0,3,6,6,0,1,8,243
960,7,3.0,4,7,7,0,0,20,121
961,6,3.0,3,6,6,0,0,63,121
962,6,3.0,3,6,6,0,0,45,179
963,6,3.0,3,6,6,3,4,37,269
964,5,4.0,4,8,7,3,4,37,269
965,7,3.0,4,7,7,4,4,26,270
966,6,3.0,3,6,6,0,1,8,0
967,6,3.0,3,6,6,3,4,1,0
968,8,4.0,4,8,8,3,1,111,271
969,6,3.0,3,6,6,5,1,9,37
970,6,3.0,3,6,6,5,0,8,37
971,7,4.0,4,7,7,5,0,2,37
972,4,2.0,2,4,4,0,0,8,11
973,6,3.0,3,6,6,0,1,8,272
974,8,4.0,4,8,8,0,1,8,272
975,6,3.0,3,6,6,2,0,10,273
976,4,4.0,4,4,4,2,4,10,273
977,6,3.0,3,6,6,2,0,10,6
978,6,3.0,3,6,6,2,0,10,6
979,6,3.0,3,6,6,2,2,8,230
980,6,3.0,3,6,6,1,2,100,45
981,6,3.0,3,6,6,1,1,100,274
982,6,3.0,3,5,6,1,0,112,45
983,7,3.0,4,7,7,0,0,14,126
984,6,2.0,3,5,6,0,1,48,275
985,6,4.0,4,7,7,0,2,8,276
986,6,3.0,3,6,6,3,0,1,277
987,5,3.0,3,6,5,1,0,8,161
988,5,2.0,2,4,5,1,1,2,65
989,7,3.0,4,7,7,4,0,113,278
990,3,3.0,3,6,4,4,4,10,278
991,5,3.0,3,5,5,4,0,10,278
992,6,3.0,3,6,6,3,0,17,9
993,5,3.0,2,5,5,3,4,17,9
994,7,4.0,4,6,5,3,0,8,10
995,5,2.0,2,4,5,0,0,20,90
996,6,3.0,3,6,6,0,0,8,112
997,5,3.0,3,5,5,0,0,0,279
998,6,3.0,3,6,6,1,1,36,280
999,6,3.0,3,6,6,1,2,5,47
1000,6,4.0,4,6,6,1,0,5,44
1001,7,3.0,4,7,7,3,0,17,281
1002,6,3.0,3,6,6,3,2,8,281
1003,4,4.0,4,4,4,3,0,114,282
1004,4,2.0,2,4,4,1,0,97,39
1005,6,3.0,3,6,6,1,0,97,39
1006,6,3.0,3,6,6,1,1,42,3
1007,4,2.0,2,4,4,4,0,11,41
1008,5,4.0,3,7,6,4,0,11,41
1009,7,3.0,3,6,7,4,1,11,41
1010,6,3.0,3,6,6,4,0,115,283
1011,6,3.0,3,6,6,4,2,8,284
1012,5,3.0,3,5,6,4,0,115,285
1013,7,4.0,3,7,7,3,0,10,286
1014,5,3.0,2,5,5,3,1,20,286
1015,7,3.0,3,5,6,3,2,20,286
1016,6,3.0,3,6,6,4,4,90,287
1017,5,3.0,3,6,5,3,0,8,9
1018,5,3.0,3,5,5,4,4,10,9
1019,5,3.0,2,5,5,5,0,1,208
1020,3,2.0,2,4,4,5,3,8,208
1021,4,4.0,4,4,4,5,0,103,18
1022,6,3.0,3,6,6,3,0,20,23
1023,5,3.0,2,5,5,3,0,20,288
1024,4,2.0,2,4,4,3,0,20,289
1025,4,2.0,2,4,4,3,0,1,290
1026,7,4.0,4,7,7,3,0,27,84
1027,6,3.0,3,6,6,4,1,65,202
1028,6,3.0,3,6,6,4,2,65,202
1029,5,2.0,2,4,5,4,1,61,202
1030,4,2.0,2,4,4,2,0,10,291
1031,6,2.0,3,5,6,2,2,20,9
1032,7,3.0,3,6,7,2,0,20,291
1033,7,3.0,4,7,7,1,0,58,66
1034,6,3.0,3,6,6,1,0,58,66
1035,7,4.0,4,7,7,1,0,4,48
1036,4,2.0,2,4,4,0,0,22,179
1037,5,3.0,2,5,5,0,2,9,292
1038,5,2.0,3,5,5,0,0,11,292
1039,6,3.0,3,6,6,0,1,8,273
1040,4,2.0,2,4,4,0,0,8,36
1041,8,4.0,4,8,8,0,1,8,293
1042,6,3.0,3,6,6,3,0,1,9
1043,5,3.0,2,5,5,3,0,116,294
1044,6,3.0,3,6,6,3,2,116,294
1045,4,2.0,2,4,4,2,0,6,79
1046,6,3.0,3,6,6,2,1,10,79
1047,8,4.0,4,8,8,2,1,10,79
1048,5,3.0,2,5,5,2,0,11,295
1049,6,3.0,3,6,6,2,3,8,7
1050,6,3.0,3,6,5,2,4,10,24
1051,7,3.0,4,7,7,3,0,117,70
1052,6,3.0,3,6,6,2,0,118,261
1053,7,4.0,4,7,7,2,0,6,266
1054,5,2.0,2,4,5,2,0,40,12
1055,3,2.0,3,5,4,2,0,9,7
1056,5,4.0,2,5,5,2,0,6,124
1057,5,2.0,2,4,5,3,4,1,9
1058,6,3.0,3,6,6,3,2,10,90
1059,6,4.0,4,6,6,3,1,20,9
1060,6,3.0,3,6,6,2,1,6,296
1061,3,2.0,2,4,3,2,0,6,7
1062,7,3.0,4,7,7,2,1,119,167
1063,6,3.0,3,6,6,4,0,120,297
1064,6,2.0,3,5,6,4,1,10,298
1065,4,4.0,4,4,4,4,4,10,297
1066,5,2.0,2,4,5,0,1,8,158
1067,6,3.0,3,6,6,0,0,8,158
1068,7,4.0,4,7,7,0,3,2,158
1069,5,3.0,2,5,5,5,0,11,19
1070,4,3.0,3,6,5,5,0,11,299
1071,7,4.0,4,7,7,5,0,11,19
1072,5,2.0,3,5,5,5,0,2,300
1073,5,3.0,2,5,5,5,1,9,301
1074,5,3.0,3,6,6,5,0,8,18
1075,6,3.0,3,6,6,1,1,121,138
1076,6,3.0,3,6,6,1,1,121,138
1077,8,4.0,4,8,8,1,1,9,44
1078,7,4.0,3,7,7,3,0,17,192
1079,6,3.0,3,6,6,3,0,1,266
1080,6,3.0,3,6,6,3,0,1,266
1081,6,3.0,3,6,6,3,0,1,9
1082,6,3.0,3,6,6,3,1,10,9
1083,6,3.0,3,5,5,3,3,14,302
1084,7,3.0,4,7,7,4,2,32,14
1085,4,2.0,2,4,4,4,0,32,14
1086,5,2.0,2,4,5,4,4,32,14
1087,5,2.0,2,4,5,4,0,20,303
1088,4,2.0,3,5,5,4,0,47,303
1089,4,4.0,4,4,4,4,0,10,9
1090,6,3.0,3,6,6,5,1,45,304
1091,4,2.0,2,4,4,5,4,45,304
1092,6,3.0,3,6,6,5,0,47,130
1093,7,3.0,4,7,7,3,4,122,43
1094,6,3.0,3,6,6,0,4,8,19
1095,7,4.0,3,7,6,0,0,8,19
1096,6,3.0,3,6,6,3,1,48,305
1097,5,4.0,4,8,7,3,0,20,9
1098,4,4.0,4,4,4,5,4,117,306
1099,6,3.0,3,6,6,4,2,32,14
1100,4,2.0,2,4,4,4,0,32,14
1101,5,3.0,3,5,5,4,1,65,14
1102,7,4.0,3,7,7,1,2,10,9
1103,6,2.0,3,5,6,1,1,123,307
1104,7,4.0,3,7,7,1,3,43,155
1105,7,3.0,4,7,7,3,3,20,9
1106,6,2.0,3,5,6,3,1,40,9
1107,9,4.0,4,8,8,3,2,20,9
1108,8,4.0,4,8,8,2,4,7,8
1109,5,3.0,2,5,5,2,1,15,8
1110,7,3.0,3,6,7,2,0,124,308
1111,6,3.0,3,6,6,2,0,9,7
1112,5,3.0,3,6,5,2,0,9,7
1113,6,3.0,3,6,6,2,0,119,309
1114,5,3.0,2,5,5,5,1,112,310
1115,5,4.0,4,8,7,5,0,112,310
1116,6,3.0,3,6,6,5,1,112,310
1117,6,3.0,3,6,6,1,2,76,44
1118,7,4.0,3,7,7,1,2,21,66
1119,4,4.0,4,4,4,1,0,21,66
1120,6,2.0,3,5,6,4,0,26,33
1121,6,3.0,3,6,6,4,0,16,33
1122,5,2.0,2,4,5,4,0,16,33
1123,6,3.0,3,6,6,2,4,62,7
1124,6,3.0,3,6,6,0,2,8,39
1125,8,4.0,4,8,8,0,3,9,39
1126,7,4.0,3,7,7,0,4,10,107
1127,7,4.0,4,8,7,0,2,6,107
1128,5,3.0,3,5,5,0,1,45,311
1129,6,3.0,3,6,6,5,1,6,37
1130,4,3.0,3,6,5,5,0,6,37
1131,6,3.0,3,6,6,5,1,6,37
1132,5,3.0,2,5,5,1,1,21,42
1133,7,4.0,4,8,7,1,4,21,42
1134,6,3.0,3,6,5,1,4,21,42
1135,7,4.0,3,7,7,3,4,125,279
1136,4,2.0,2,4,4,3,4,15,173
1137,5,4.0,4,8,7,3,2,126,75
1138,8,4.0,4,8,8,2,1,0,279
1139,7,4.0,3,7,7,3,4,8,312
1140,6,3.0,3,6,6,0,1,40,12
1141,7,4.0,4,7,7,0,4,9,12
1142,6,3.0,3,6,6,1,1,11,242
1143,6,3.0,3,6,6,1,1,21,66
1144,7,3.0,3,6,6,1,0,21,66
1145,5,2.0,3,5,5,2,1,77,313
1146,5,3.0,2,5,5,0,0,1,314
1147,5,3.0,3,5,5,0,4,1,22
1148,5,3.0,2,5,5,3,0,114,83
1149,2,1.0,2,3,3,3,3,10,281
1150,5,3.0,3,6,5,3,1,10,9
1151,6,3.0,3,6,6,3,1,27,34
1152,3,2.0,2,4,3,3,0,2,84
1153,7,4.0,4,7,7,3,0,8,18
1154,4,2.0,2,4,4,3,0,10,34
1155,6,3.0,3,6,6,3,0,10,34
1156,5,3.0,3,6,6,3,1,10,34
1157,4,2.0,2,4,4,0,0,2,39
1158,6,2.0,3,5,6,0,1,40,315
1159,8,4.0,4,8,8,0,0,1,315
1160,3,2.0,2,4,3,3,0,2,84
1161,5,3.0,2,5,5,3,0,1,316
1162,6,4.0,4,6,6,3,1,14,34
1163,7,3.0,4,7,7,5,0,11,78
1164,6,3.0,3,6,6,5,1,11,143
1165,5,3.0,2,5,5,0,4,2,39
1166,6,2.0,3,5,6,0,1,48,39
1167,7,3.0,4,7,7,3,0,17,18
1168,6,2.0,3,5,6,4,1,84,317
1169,7,4.0,4,7,7,3,1,1,18
1170,6,3.0,3,6,6,0,0,9,318
1171,5,3.0,2,5,5,3,3,1,9
1172,4,4.0,4,4,4,3,1,10,9
1173,6,3.0,3,6,6,3,0,1,9
1174,6,3.0,3,6,6,3,1,1,9
1175,5,3.0,3,5,5,3,4,8,102
1176,6,3.0,3,6,6,2,0,9,7
1177,6,3.0,3,6,6,2,0,9,7
1178,6,3.0,3,6,6,2,4,62,7
1179,6,3.0,3,6,6,4,1,26,319
1180,6,3.0,3,6,6,4,3,26,9
1181,8,4.0,4,8,8,4,1,26,9
1182,7,4.0,3,7,7,4,0,39,320
1183,8,4.0,4,8,8,4,2,90,320
1184,7,4.0,4,7,7,4,4,10,320
1185,6,3.0,3,6,6,1,1,16,224
1186,4,3.0,3,6,5,1,0,69,237
1187,6,,4,7,7,1,2,8,237
1188,7,3.0,4,7,7,2,3,9,7
1189,5,3.0,2,5,5,2,2,9,7
1190,7,4.0,4,7,7,2,2,74,7
1191,6,3.0,3,6,6,4,0,16,321
1192,7,3.0,4,7,7,4,2,16,221
1193,7,4.0,4,7,7,4,0,16,321
1194,7,4.0,3,7,7,2,0,9,7
1195,6,3.0,3,6,6,2,1,1,7
1196,5,3.0,2,5,5,2,0,9,7
1197,7,4.0,3,7,7,0,3,1,39
1198,6,3.0,3,6,6,0,0,76,39
1199,6,3.0,3,6,6,1,1,31,65
1200,6,3.0,3,6,6,1,1,6,161
1201,6,3.0,3,6,6,1,0,31,65
1202,3,2.0,2,4,3,0,0,45,121
1203,5,3.0,2,5,5,0,3,45,322
1204,5,3.0,3,6,5,0,0,45,322
1205,6,2.0,3,5,6,0,2,127,88
1206,6,3.0,3,6,6,0,2,8,315
1207,6,3.0,3,6,6,3,3,1,9
1208,7,3.0,4,7,7,1,2,19,23
1209,3,4.0,4,8,5,1,2,19,23
1210,8,4.0,4,8,8,1,3,19,23
1211,7,3.0,4,7,7,3,2,1,80
1212,6,3.0,4,7,7,3,2,16,323
1213,8,4.0,4,8,8,3,4,125,70
1214,6,3.0,3,6,6,4,0,16,22
1215,3,3.0,3,6,5,4,0,16,22
1216,5,3.0,3,5,5,3,0,8,324
1217,6,2.0,3,5,6,1,2,76,325
1218,6,3.0,3,6,6,1,0,40,326
1219,5,3.0,3,5,5,3,3,17,325
1220,7,4.0,3,7,7,4,0,1,327
1221,5,3.0,3,6,5,3,0,8,328
1222,7,3.0,4,7,7,3,0,14,192
1223,3,2.0,2,4,3,4,0,38,74
1224,5,3.0,2,5,5,4,3,38,76
1225,6,4.0,3,7,6,4,3,38,186
1226,4,2.0,2,4,4,1,1,6,329
1227,4,2.0,2,4,8,3,0,20,9
1228,4,2.0,2,4,4,1,4,6,329
1229,7,3.0,4,7,7,2,3,9,330
1230,4,3.0,3,6,5,2,2,9,19
1231,8,4.0,4,8,8,2,0,8,19
1232,4,2.0,2,4,4,0,4,128,17
1233,3,3.0,2,5,4,0,3,8,70
1234,7,3.0,4,7,7,0,2,128,17
1235,6,3.0,3,6,6,1,0,10,161
1236,6,3.0,3,6,6,1,1,6,331
1237,8,4.0,4,8,8,1,2,6,161
1238,6,3.0,3,6,6,3,0,20,9
1239,6,3.0,3,6,6,3,0,9,306
1240,5,3.0,2,5,5,3,2,1,9
1241,6,3.0,3,6,6,1,1,11,332
1242,6,3.0,3,6,6,1,4,11,36
1243,4,4.0,4,4,4,1,4,11,332
1244,5,2.0,2,4,5,3,4,1,24
1245,6,3.0,3,6,6,4,0,90,333
1246,8,4.0,4,8,8,4,4,90,334
1247,6,3.0,3,6,6,2,4,129,335
1248,6,3.0,3,6,6,2,2,9,7
1249,7,4.0,4,7,7,2,0,9,7
1250,6,3.0,3,6,6,1,0,3,9
1251,4,3.0,4,7,6,1,0,3,48
1252,6,3.0,3,6,6,1,2,3,44
1253,6,3.0,3,6,6,3,3,16,336
1254,4,2.0,2,4,4,4,0,16,9
1255,7,4.0,4,7,7,3,4,1,9
1256,5,3.0,2,5,5,4,3,8,337
1257,4,3.0,3,6,5,4,2,11,151
1258,6,4.0,4,8,7,4,0,26,338
1259,6,3.0,3,6,6,4,0,40,11
1260,6,3.0,3,6,6,4,2,2,51
1261,6,3.0,3,5,6,4,2,2,11
1262,3,2.0,2,4,3,3,0,1,339
1263,6,3.0,3,6,6,3,3,10,165
1264,6,3.0,3,6,6,3,0,8,18
1265,6,3.0,3,6,6,3,0,20,9
1266,6,3.0,3,6,6,3,1,1,9
1267,3,2.0,2,4,3,2,0,9,24
1268,5,3.0,3,5,5,0,0,8,134
1269,6,3.0,3,6,6,4,0,69,340
1270,6,3.0,3,6,6,0,4,130,10
1271,5,2.0,2,4,5,0,0,8,70
1272,6,3.0,3,6,6,3,2,10,341
1273,6,2.0,3,5,6,3,2,20,341
1274,8,3.0,4,7,6,3,4,20,192
1275,7,4.0,3,7,7,0,4,45,17
1276,6,3.0,3,6,6,0,0,45,119
1277,6,3.0,3,6,6,3,0,10,9
1278,5,2.0,2,4,5,3,0,1,340
1279,7,4.0,4,7,7,3,0,10,9
1280,7,3.0,4,7,7,3,0,17,342
1281,5,3.0,3,6,6,4,0,8,197
1282,5,3.0,3,5,5,4,0,8,18
1283,7,3.0,4,7,7,2,3,9,19
1284,5,3.0,2,5,5,2,0,9,330
1285,8,4.0,4,7,7,2,3,8,19
1286,6,3.0,3,6,6,1,0,73,331
1287,6,3.0,3,6,6,1,0,6,65
1288,6,3.0,3,6,6,1,0,97,65
1289,6,3.0,3,6,6,1,2,15,63
1290,6,3.0,3,6,6,3,4,20,9
1291,8,4.0,4,8,8,1,2,31,44
1292,7,4.0,3,7,7,2,0,7,8
1293,6,3.0,3,6,6,2,0,7,8
1294,5,3.0,3,5,5,2,2,7,8
1295,5,3.0,2,5,5,3,4,1,343
1296,5,3.0,2,5,5,3,0,8,70
1297,2,2.0,3,4,4,3,0,1,89
1298,8,4.0,4,8,8,0,2,131,23
1299,5,3.0,2,5,5,0,2,131,23
1300,5,2.0,3,5,5,0,0,77,344
1301,6,3.0,3,6,6,1,3,6,345
1302,5,3.0,2,5,5,1,2,6,4
1303,6,3.0,3,6,6,1,1,6,345
1304,6,3.0,3,6,6,1,0,4,346
1305,7,4.0,3,7,7,1,0,4,346
1306,6,2.0,2,4,5,1,2,4,347
1307,3,2.0,2,4,3,0,0,2,348
1308,5,2.0,2,4,5,0,0,8,91
1309,4,1.0,2,3,4,0,0,8,348
1310,6,3.0,3,6,6,3,0,27,9
1311,4,2.0,2,4,4,3,0,10,9
1312,6,3.0,3,6,6,3,2,10,9
1313,6,3.0,3,6,6,3,0,1,193
1314,6,3.0,3,6,6,3,0,8,70
1315,6,4.0,4,7,6,3,0,112,349
1316,6,3.0,3,6,6,3,1,20,9
1317,6,3.0,3,6,6,3,0,8,9
1318,7,3.0,3,6,6,3,3,8,18
1319,6,3.0,3,6,6,3,0,17,9
1320,6,3.0,3,6,6,3,0,1,9
1321,5,3.0,2,5,5,3,1,1,9
1322,5,3.0,2,5,5,2,3,9,7
1323,6,3.0,3,6,6,2,2,10,9
1324,8,4.0,4,8,8,2,2,9,7
1325,5,3.0,2,5,5,4,2,8,350
1326,5,4.0,4,8,7,4,1,132,351
1327,6,3.0,3,6,6,4,1,132,351
1328,6,3.0,3,6,6,3,3,1,34
1329,6,3.0,3,6,6,3,2,10,10
1330,6,4.0,4,6,6,3,0,1,230
1331,7,3.0,4,7,7,5,3,118,194
1332,5,3.0,4,7,6,5,2,36,53
1333,6,4.0,4,6,6,5,1,10,53
1334,6,3.0,3,6,6,5,0,49,130
1335,6,2.0,3,5,6,5,0,20,53
1336,6,3.0,3,6,6,5,2,10,53
1337,7,4.0,3,7,7,1,3,37,269
1338,6,3.0,3,6,6,1,0,31,44
1339,7,4.0,4,7,7,1,1,31,44
1340,5,3.0,3,6,5,0,0,8,117
1341,6,3.0,3,6,6,0,0,2,184
1342,5,3.0,3,5,5,0,0,8,13
1343,6,3.0,3,6,6,3,0,1,9
1344,5,2.0,2,4,5,3,0,17,10
1345,6,3.0,3,6,6,3,0,8,11
1346,7,4.0,3,7,7,1,0,21,44
1347,4,2.0,2,4,4,1,0,21,66
1348,7,3.0,4,7,7,1,2,21,66
1349,6,3.0,3,6,6,4,0,1,59
1350,6,3.0,3,6,6,2,0,6,121
1351,7,4.0,3,7,7,1,0,19,352
1352,5,2.0,2,4,5,1,0,4,19
1353,4,4.0,4,4,4,1,0,58,66
1354,6,3.0,3,6,6,0,0,8,19
1355,6,2.0,3,5,6,0,0,8,327
1356,5,3.0,3,5,5,0,1,8,292
1357,6,2.0,3,5,6,5,2,76,353
1358,5,3.0,3,6,5,5,2,14,354
1359,6,3.0,3,6,6,5,0,14,35
1360,7,4.0,3,7,7,3,0,1,197
1361,6,3.0,3,6,6,3,0,1,165
1362,7,4.0,4,7,7,3,0,1,165
1363,3,2.0,2,4,3,0,0,14,126
1364,6,3.0,3,6,6,3,2,1,355
1365,5,3.0,2,5,5,0,0,39,87
1366,3,2.0,2,4,3,1,2,3,19
1367,6,3.0,3,6,6,1,2,3,356
1368,6,3.0,3,6,6,1,2,21,42
1369,4,2.0,2,4,4,1,4,19,19
1370,6,3.0,3,6,6,1,0,19,103
1371,6,4.0,4,7,7,1,2,133,23
1372,7,4.0,3,7,7,1,0,3,43
1373,6,4.0,4,8,7,1,2,3,43
1374,7,4.0,4,7,7,1,2,21,66
1375,5,3.0,2,5,5,1,2,31,65
1376,6,3.0,3,6,6,1,1,72,357
1377,7,3.0,4,7,7,3,0,48,34
1378,5,2.0,2,5,5,3,0,1,34
1379,9,5.0,4,9,9,3,0,8,39
1380,6,3.0,3,6,6,0,0,17,21
1381,6,3.0,3,6,6,0,0,8,22
1382,8,4.0,4,8,8,0,0,1,21
1383,6,3.0,3,6,6,3,0,1,358
1384,6,3.0,3,6,6,3,2,1,358
1385,7,4.0,4,7,7,0,0,15,148
1386,6,3.0,3,6,6,3,0,1,9
1387,5,3.0,3,6,5,3,4,8,9
1388,6,3.0,3,6,6,3,0,8,102
1389,7,3.0,4,7,7,1,0,31,44
1390,6,3.0,3,6,6,1,4,31,44
1391,3,4.0,4,5,4,1,4,31,44
1392,7,4.0,3,7,7,4,0,1,18
1393,3,2.0,2,4,3,4,0,1,165
1394,6,4.0,3,7,6,4,3,8,55
1395,7,3.0,4,7,7,0,0,9,219
1396,5,3.0,2,5,5,0,0,8,219
1397,4,4.0,4,4,4,0,0,103,91
1398,5,3.0,2,5,5,3,0,1,9
1399,6,3.0,3,6,6,3,0,1,9
1400,4,4.0,4,4,4,3,3,37,9
1401,6,3.0,3,6,6,3,0,134,359
1402,6,3.0,3,6,6,0,4,8,359
1403,5,3.0,1,4,5,0,0,8,39
1404,5,3.0,2,5,5,1,1,15,23
1405,3,4.0,4,8,6,1,0,15,23
1406,8,4.0,4,8,8,1,4,20,360
1407,7,3.0,4,7,7,4,0,1,361
1408,5,2.0,2,4,5,4,0,17,22
1409,6,3.0,3,6,6,4,0,90,361
1410,7,4.0,4,7,7,4,1,1,362
1411,3,2.0,2,4,3,1,0,21,42
1412,6,2.0,3,5,6,1,0,21,42
1413,7,4.0,4,7,7,1,4,21,42
1414,6,3.0,3,6,6,2,0,9,7
1415,5,3.0,4,7,6,2,0,9,7
1416,5,2.0,3,5,5,2,0,9,7
1417,6,3.0,3,6,6,4,0,135,363
1418,6,3.0,3,6,6,1,4,8,364
1419,7,3.0,4,7,7,3,0,1,34
1420,6,3.0,3,6,6,1,0,10,28
1421,6,3.0,3,6,6,1,0,43,19
1422,7,4.0,4,7,7,1,2,19,19
1423,5,3.0,2,5,5,1,3,90,224
1424,5,3.0,2,5,5,1,0,109,224
1425,7,3.0,3,6,6,1,2,69,224
1426,7,3.0,4,7,7,0,0,40,91
1427,6,3.0,3,6,6,0,3,45,160
1428,5,3.0,3,5,6,0,0,8,91
1429,6,3.0,3,6,6,5,2,10,37
1430,6,3.0,3,6,6,5,2,11,37
1431,5,4.0,3,6,6,5,0,11,37
1432,4,2.0,2,4,4,3,0,39,149
1433,6,3.0,3,6,6,3,2,14,149
1434,6,3.0,3,6,6,3,0,8,343
1435,6,3.0,3,6,6,2,0,119,365
1436,6,3.0,3,6,6,2,2,119,365
1437,5,3.0,2,5,5,2,2,119,365
1438,6,3.0,3,6,6,1,0,15,366
1439,7,3.0,4,7,7,1,1,69,224
1440,7,4.0,4,7,7,1,2,136,70
1441,7,3.0,4,7,7,3,0,39,367
1442,6,3.0,3,6,6,3,2,37,70
1443,4,4.0,4,4,4,5,4,108,367
1444,3,2.0,2,4,3,3,0,33,58
1445,6,3.0,3,6,6,3,4,33,58
1446,7,4.0,4,7,7,3,0,33,58
1447,6,3.0,3,6,6,3,0,98,368
1448,7,3.0,4,7,7,3,0,1,80
1449,5,2.0,2,4,5,3,0,10,9
1450,6,2.0,3,5,6,1,2,132,369
1451,6,3.0,3,6,6,1,3,21,42
1452,6,3.0,3,6,6,1,1,94,19
1453,7,3.0,4,7,7,3,2,20,51
1454,6,3.0,3,6,6,0,0,9,1
1455,4,2.0,2,4,5,0,0,10,50
1456,6,3.0,3,6,6,5,0,8,39
1457,5,4.0,4,8,7,5,2,8,39
1458,7,3.0,4,7,7,3,0,113,370
1459,6,3.0,3,6,6,1,2,54,65
1460,8,4.0,4,8,8,0,4,137,371
1461,6,2.0,3,5,6,2,0,62,123
1462,6,3.0,3,6,6,2,2,9,7
1463,6,3.0,3,5,6,2,0,9,7
1464,5,3.0,3,6,5,3,0,1,84
1465,6,3.0,3,6,6,3,0,17,372
1466,7,3.0,4,7,7,3,0,1,9
1467,7,4.0,3,7,7,2,0,138,309
1468,6,3.0,3,6,6,2,4,139,75
1469,6,3.0,3,6,6,0,4,2,106
1470,4,2.0,2,4,4,3,0,16,39
1471,6,3.0,3,6,6,3,0,140,9
1472,4,4.0,4,4,4,2,0,15,77
1473,6,3.0,3,6,6,1,2,21,42
1474,4,3.0,4,7,6,1,1,21,42
1475,5,3.0,2,5,5,1,2,21,42
1476,5,3.0,2,5,5,1,1,40,48
1477,5,2.0,3,5,5,1,0,21,42
1478,5,3.0,3,5,5,1,2,21,42
1479,6,3.0,3,6,6,1,2,15,63
1480,5,4.0,4,8,7,1,4,15,63
1481,7,4.0,4,7,7,3,2,15,63
1482,4,2.0,2,4,4,3,0,2,289
1483,6,2.0,3,5,6,3,4,1,137
1484,6,3.0,3,6,6,3,0,8,367
1485,6,3.0,3,6,6,3,4,31,137
1486,4,2.0,2,4,4,3,0,31,137
1487,6,3.0,3,6,6,3,2,31,137
1488,6,3.0,3,6,6,3,0,1,9
1489,6,3.0,3,6,6,3,4,1,324
1490,6,3.0,3,6,6,3,4,9,70
1491,6,3.0,3,6,6,3,0,1,9
1492,5,3.0,2,5,5,3,0,1,9
1493,4,3.0,3,5,5,3,0,8,373
1494,6,3.0,3,6,6,1,0,70,374
1495,3,2.0,2,4,3,3,0,72,374
1496,6,3.0,3,5,5,1,0,141,375
1497,5,2.0,2,4,5,0,0,2,376
1498,6,3.0,3,6,6,0,2,2,377
1499,5,2.0,2,4,5,0,0,2,183
1500,5,3.0,2,5,5,0,0,1,11
1501,6,3.0,3,6,6,0,0,8,11
1502,5,3.0,3,5,5,0,0,8,16
1503,7,3.0,4,7,7,1,0,58,66
1504,5,3.0,2,5,5,1,2,58,66
1505,7,4.0,4,7,7,1,0,4,163
1506,6,3.0,3,6,6,0,0,40,378
1507,5,3.0,3,6,6,0,0,16,378
1508,6,3.0,3,6,6,0,1,16,39
1509,5,3.0,2,5,5,1,2,-1,-1
1510,7,3.0,4,7,7,3,1,-1,-1
1511,6,3.0,3,6,6,1,2,10,23
1512,6,3.0,3,6,6,3,0,14,120
1513,5,2.0,3,5,5,3,4,17,120
1514,4,3.0,3,5,6,3,3,14,120
1515,6,3.0,3,6,6,5,0,45,379
1516,5,3.0,3,6,6,5,3,142,282
1517,5,3.0,2,5,5,5,0,39,37
1518,6,2.0,3,5,6,1,0,79,163
1519,5,3.0,2,5,5,0,0,16,146
1520,8,4.0,4,8,8,1,0,8,70
1521,6,3.0,3,6,6,1,0,11,103
1522,5,2.0,3,5,5,1,2,11,161
1523,5,3.0,3,6,6,1,1,11,103
1524,6,3.0,3,6,6,4,0,76,315
1525,3,2.0,2,4,4,1,2,8,315
1526,7,4.0,3,7,7,1,1,9,65
1527,4,2.0,2,4,4,4,4,14,3
1528,6,3.0,3,6,6,1,2,6,65
1529,5,3.0,3,5,5,4,2,9,303
1530,7,3.0,4,7,7,4,2,22,182
1531,6,3.0,3,6,6,4,0,22,182
1532,8,4.0,4,8,8,4,0,22,182
1533,6,3.0,3,6,6,1,0,15,63
1534,6,3.0,3,6,6,3,4,15,63
1535,7,4.0,4,7,7,1,3,15,63
1536,6,3.0,3,6,6,2,0,9,7
1537,5,3.0,3,6,5,2,0,9,7
1538,5,3.0,3,5,5,2,1,9,7
1539,5,2.0,2,4,5,0,0,11,242
1540,6,3.0,3,6,6,0,0,31,380
1541,7,4.0,4,7,7,0,0,31,381
1542,4,2.0,2,4,4,2,0,9,7
1543,5,3.0,2,5,5,2,2,6,123
1544,6,3.0,3,6,6,2,0,9,8
1545,2,2.0,1,3,2,5,0,11,37
1546,5,3.0,3,6,6,5,0,11,37
1547,4,2.0,2,4,4,5,0,20,37
1548,6,3.0,3,6,6,2,0,9,7
1549,6,3.0,3,6,6,2,4,9,8
1550,6,3.0,3,6,6,2,2,9,9
1551,5,3.0,2,5,5,4,0,25,382
1552,6,3.0,3,6,6,4,3,8,382
1553,7,4.0,4,7,7,4,3,25,382
1554,6,3.0,3,6,6,1,0,141,3
1555,5,4.0,4,8,7,1,1,128,150
1556,6,3.0,3,6,6,1,3,141,3
1557,7,3.0,4,7,7,2,0,9,7
1558,6,2.0,3,5,6,2,0,62,7
1559,6,3.0,3,6,5,2,3,9,102
1560,6,3.0,3,6,6,1,0,16,39
1561,6,3.0,3,6,6,1,2,104,383
1562,7,4.0,3,7,7,1,0,16,223
1563,7,3.0,4,7,7,1,2,58,66
1564,5,3.0,3,6,6,1,0,4,9
1565,7,4.0,4,7,7,1,0,4,9
1566,7,3.0,3,6,7,1,1,41,310
1567,5,3.0,2,5,5,1,2,3,384
1568,6,4.0,4,6,6,1,0,41,385
1569,6,3.0,3,6,6,5,0,45,37
1570,6,3.0,3,6,6,5,2,45,37
1571,7,4.0,4,7,7,5,3,45,37
1572,6,3.0,3,6,6,4,0,11,84
1573,5,2.0,2,4,5,4,0,143,386
1574,7,4.0,4,7,7,4,0,11,387
1575,6,3.0,3,6,6,4,0,38,117
1576,6,3.0,3,6,6,4,2,38,117
1577,4,1.0,1,2,4,4,0,103,388
1578,5,3.0,2,5,5,3,0,1,389
1579,4,2.0,2,4,4,3,0,10,9
1580,4,4.0,4,4,4,3,0,96,120
1581,7,3.0,4,7,7,2,0,11,24
1582,6,2.0,3,5,6,2,0,100,80
1583,7,4.0,4,8,7,2,0,11,24
1584,6,3.0,3,6,6,1,0,31,360
1585,6,3.0,3,6,6,1,0,31,360
1586,7,4.0,4,7,7,1,0,31,360
1587,6,3.0,3,6,6,1,0,21,42
1588,4,2.0,2,4,4,1,4,21,42
1589,7,4.0,4,8,7,1,2,21,42
1590,7,3.0,4,7,7,3,3,10,43
1591,6,3.0,3,6,6,3,4,144,390
1592,5,3.0,3,5,5,3,4,8,102
1593,4,2.0,2,4,4,5,4,39,263
1594,5,3.0,2,5,5,5,0,1,263
1595,7,4.0,3,7,7,5,3,2,263
1596,7,3.0,4,7,7,0,0,1,219
1597,4,2.0,2,4,4,5,0,45,391
1598,4,2.0,3,4,4,5,0,8,343
1599,6,3.0,3,6,6,3,0,11,392
1600,7,3.0,4,7,7,3,1,17,34
1601,4,4.0,4,4,4,3,0,20,34
1602,7,3.0,4,7,7,2,0,9,7
1603,5,4.0,4,8,7,2,0,9,7
1604,5,4.0,4,7,6,2,0,9,7
1605,6,3.0,3,6,6,2,0,6,123
1606,6,3.0,3,6,6,2,0,9,123
1607,5,3.0,3,5,5,2,0,9,7
1608,7,3.0,4,7,7,1,4,21,66
1609,6,3.0,3,6,6,1,4,21,66
1610,7,4.0,4,7,7,1,4,21,66
1611,6,3.0,3,6,6,2,0,9,9
1612,6,3.0,3,6,6,2,2,9,7
1613,7,4.0,4,7,7,2,3,9,7
1614,7,4.0,3,7,7,0,0,1,48
1615,6,3.0,3,6,6,0,0,8,19
1616,7,4.0,3,7,7,0,0,145,393
1617,5,3.0,2,5,5,4,2,16,39
1618,6,3.0,3,6,6,4,2,8,113
1619,7,4.0,4,7,7,4,0,8,394
1620,7,3.0,4,7,7,1,0,5,19
1621,5,3.0,3,6,6,1,3,5,19
1622,7,3.0,3,6,6,1,2,5,44
1623,6,3.0,3,6,6,4,0,47,395
1624,7,3.0,4,7,7,4,0,16,285
1625,7,4.0,4,7,7,4,0,16,285
1626,6,3.0,3,6,6,3,3,10,396
1627,6,3.0,3,6,6,3,2,10,396
1628,5,3.0,3,5,5,3,3,10,396
1629,7,4.0,3,7,7,1,0,21,42
1630,6,3.0,3,6,6,1,0,21,42
1631,6,3.0,3,6,6,1,2,21,42
1632,6,3.0,3,6,6,3,1,1,80
1633,6,3.0,3,6,6,3,4,8,80
1634,7,4.0,4,7,7,3,4,1,261
1635,7,4.0,3,7,7,3,0,116,34
1636,6,3.0,3,6,6,3,0,10,90
1637,6,2.0,3,5,6,3,0,10,90
1638,6,3.0,3,6,6,1,1,21,42
1639,7,4.0,4,8,7,1,2,58,66
1640,8,4.0,4,8,8,3,2,146,397
1641,6,3.0,3,6,6,2,0,2,173
1642,6,3.0,3,6,6,2,0,2,173
1643,7,4.0,4,7,7,2,1,97,75
1644,6,3.0,3,6,6,3,0,91,84
1645,4,2.0,2,4,4,3,0,8,18
1646,7,3.0,3,7,6,3,3,27,34
1647,6,3.0,3,6,6,3,0,1,9
1648,5,3.0,3,5,5,3,0,1,9
1649,4,4.0,4,4,4,3,0,75,398
1650,6,3.0,3,6,6,3,0,27,34
1651,6,2.0,3,5,6,3,0,40,9
1652,6,3.0,3,6,6,3,0,1,9
1653,5,2.0,3,5,5,0,0,8,103
1654,5,3.0,2,5,5,0,0,14,399
1655,4,4.0,4,4,4,0,0,14,103
1656,3,2.0,2,4,3,0,0,1,400
1657,6,3.0,3,6,6,0,0,1,401
1658,5,2.0,2,4,5,0,0,2,402
1659,5,3.0,2,5,5,3,0,1,9
1660,6,3.0,3,6,6,0,0,8,403
1661,7,3.0,4,7,7,0,0,147,404
1662,6,3.0,3,6,6,0,2,8,403
1663,5,3.0,3,6,5,0,0,8,403
1664,5,3.0,3,6,5,0,4,9,403
1665,6,3.0,3,6,6,3,0,10,405
1666,6,3.0,3,6,6,3,3,16,405
1667,4,3.0,3,6,5,3,0,8,405
1668,6,3.0,3,6,6,1,0,141,17
1669,7,3.0,3,6,7,1,4,32,406
1670,5,3.0,2,5,5,1,0,141,3
1671,6,3.0,3,6,6,3,2,10,10
1672,4,2.0,2,4,4,3,0,20,10
1673,7,4.0,3,7,7,3,2,10,10
1674,4,2.0,2,4,4,4,0,1,9
1675,6,3.0,3,6,6,3,2,1,9
1676,6,3.0,3,6,6,4,0,8,321
1677,5,3.0,2,5,5,5,0,39,37
1678,6,3.0,3,6,6,5,2,10,37
1679,5,2.0,2,5,5,5,2,14,37
1680,6,3.0,3,6,6,4,4,90,165
1681,5,3.0,3,6,6,4,2,90,286
1682,5,3.0,3,6,6,4,3,47,407
1683,6,3.0,3,6,6,2,4,9,408
1684,6,5.0,5,10,8,2,1,119,409
1685,5,3.0,3,5,5,2,0,119,410
1686,6,3.0,3,6,6,1,0,31,44
1687,7,4.0,3,7,7,1,3,31,44
1688,7,3.0,4,7,7,1,0,31,44
1689,4,2.0,2,4,4,3,0,1,9
1690,6,3.0,3,6,6,3,0,1,9
1691,4,4.0,4,4,4,3,2,37,9
1692,6,3.0,3,6,6,0,0,45,117
1693,6,3.0,3,6,6,0,0,8,411
1694,7,4.0,4,7,7,0,1,2,184
1695,6,3.0,3,6,6,1,4,4,412
1696,7,3.0,3,6,6,1,1,4,323
1697,7,3.0,3,7,6,1,4,4,44
1698,6,3.0,3,6,6,3,1,1,9
1699,6,3.0,3,6,6,0,4,8,413
1700,4,4.0,4,4,4,3,3,10,9
1701,5,2.0,3,5,5,0,0,1,39
1702,6,3.0,3,6,6,0,3,16,414
1703,6,3.0,3,6,6,0,0,2,39
1704,6,3.0,3,6,6,1,0,4,48
1705,6,4.0,4,8,7,1,2,4,48
1706,5,3.0,3,5,5,1,2,4,80
1707,6,3.0,3,6,6,4,2,16,9
1708,4,4.0,4,8,6,4,2,47,258
1709,6,3.0,3,6,6,4,0,16,33
1710,6,3.0,3,6,6,3,0,16,41
1711,6,3.0,3,6,6,3,2,37,9
1712,7,4.0,4,7,7,3,0,17,41
1713,7,3.0,4,7,7,3,4,1,24
1714,6,3.0,3,6,6,3,3,37,70
1715,7,4.0,4,7,7,3,4,148,415
1716,7,4.0,3,7,7,3,0,1,18
1717,6,3.0,3,6,6,3,2,14,103
1718,7,4.0,4,7,7,3,1,14,101
1719,6,3.0,3,6,6,5,0,2,212
1720,6,2.0,3,5,6,5,0,8,212
1721,4,4.0,4,4,4,5,0,103,11
1722,6,3.0,3,6,6,4,0,144,416
1723,5,4.0,4,8,7,4,0,84,416
1724,6,3.0,3,6,6,4,3,84,416
1725,6,3.0,3,6,6,2,0,20,9
1726,6,3.0,3,6,6,2,4,36,7
1727,8,4.0,4,8,8,2,0,36,7
1728,6,3.0,3,6,6,1,4,141,3
1729,3,2.0,2,4,4,0,0,99,417
1730,7,4.0,3,7,7,0,0,2,184
1731,6,3.0,3,6,6,1,0,19,48
1732,5,3.0,2,5,5,1,2,19,19
1733,7,4.0,4,8,7,1,1,47,418
1734,6,3.0,3,6,6,0,4,1,39
1735,6,3.0,3,6,6,3,0,100,9
1736,7,3.0,3,6,6,0,0,45,160
1737,6,3.0,3,6,6,3,2,1,39
1738,6,3.0,3,6,6,3,3,1,9
1739,7,4.0,4,7,7,3,3,1,9
1740,6,3.0,3,6,6,1,4,29,60
1741,6,4.0,4,8,7,1,1,126,419
1742,7,3.0,4,7,7,1,2,76,88
1743,6,3.0,3,6,6,0,0,45,420
1744,7,4.0,3,7,7,0,1,97,421
1745,6,3.0,3,6,6,0,3,2,36
1746,7,3.0,4,7,7,4,0,1,422
1747,5,3.0,2,5,5,4,0,11,165
1748,6,4.0,4,6,6,4,0,11,165
1749,5,3.0,2,5,5,0,0,45,423
1750,5,3.0,3,6,6,0,0,8,160
1751,4,3.0,3,5,5,0,3,8,36
1752,6,2.0,3,5,6,3,0,1,9
1753,6,3.0,3,6,6,3,3,1,9
1754,7,4.0,3,7,7,3,0,1,9
1755,5,3.0,2,5,5,4,3,0,41
1756,5,4.0,4,8,6,4,1,0,41
1757,6,3.0,3,6,6,4,0,0,226
1758,3,2.0,2,4,3,3,0,1,9
1759,6,3.0,3,6,6,3,0,1,9
1760,5,3.0,3,5,6,3,0,8,9
1761,5,3.0,2,5,5,0,0,40,19
1762,6,3.0,3,6,6,0,3,11,424
1763,5,3.0,3,6,5,0,0,103,424
1764,6,3.0,3,6,6,0,0,8,19
1765,6,3.0,4,7,6,0,0,149,425
1766,6,3.0,3,6,6,0,0,19,176
1767,6,3.0,3,6,6,4,0,47,204
1768,5,2.0,3,5,5,4,0,70,284
1769,8,4.0,4,8,8,4,4,31,204
1770,6,3.0,3,6,6,1,0,21,66
1771,5,3.0,3,6,5,1,0,21,66
1772,5,2.0,2,4,5,1,1,102,66
1773,4,2.0,2,4,4,0,0,8,114
1774,6,3.0,3,6,6,0,1,8,115
1775,7,3.0,3,6,7,0,2,8,115
1776,6,3.0,3,6,6,5,4,9,426
1777,6,3.0,3,6,6,5,0,8,106
1778,6,2.0,3,5,6,5,1,2,106
1779,6,3.0,3,6,6,5,1,150,426
1780,7,3.0,4,7,7,5,0,77,427
1781,7,4.0,4,7,7,5,1,47,381
1782,7,3.0,4,7,7,3,0,20,9
1783,6,2.0,3,5,6,0,0,11,428
1784,5,3.0,3,5,5,0,2,151,428
1785,6,3.0,3,6,6,0,0,47,27
1786,7,4.0,3,7,7,0,0,47,27
1787,7,4.0,4,7,7,0,0,47,27
1788,7,3.0,4,7,7,1,2,19,39
1789,5,2.0,3,5,5,1,0,22,170
1790,5,2.0,2,4,5,1,1,97,170
1791,6,3.0,3,6,6,4,0,16,429
1792,3,3.0,3,6,5,4,0,16,430
1793,5,3.0,3,6,5,4,4,16,430
1794,6,3.0,3,6,6,3,0,1,422
1795,4,3.0,3,6,5,3,3,20,299
1796,7,4.0,4,7,7,3,0,1,422
1797,6,3.0,3,6,6,5,0,8,431
1798,6,3.0,3,6,6,5,2,8,431
1799,6,3.0,3,5,6,5,3,9,432
1800,5,2.0,3,5,5,5,0,14,431
1801,5,3.0,2,5,5,5,3,9,432
1802,6,4.0,4,6,6,5,3,45,37
1803,7,3.0,4,7,7,5,0,1,24
1804,5,3.0,2,5,5,5,0,14,431
1805,4,4.0,4,4,4,5,4,14,431
1806,6,3.0,3,6,6,4,2,22,242
1807,5,3.0,3,6,5,4,0,11,242
1808,6,3.0,3,6,6,4,3,31,242
1809,6,3.0,3,6,6,4,4,131,433
1810,6,2.0,3,5,6,4,1,131,433
1811,5,2.0,2,4,4,4,4,8,11
1812,5,3.0,2,5,5,2,0,6,123
1813,6,3.0,3,6,6,1,0,69,152
1814,6,3.0,4,6,6,1,0,69,224
1815,6,3.0,3,6,6,2,2,9,7
1816,6,2.0,3,5,6,2,2,1,7
1817,6,3.0,3,6,6,2,0,9,7
1818,4,2.0,2,4,4,3,2,1,9
1819,6,3.0,3,6,6,3,0,10,9
1820,7,4.0,4,7,7,3,0,20,9
1821,3,2.0,2,4,3,4,0,14,165
1822,6,2.0,3,5,6,4,1,14,165
1823,5,2.0,2,4,5,4,0,14,165
1824,6,3.0,3,6,6,4,1,84,434
1825,5,3.0,2,5,5,4,2,1,434
1826,7,4.0,4,7,7,4,0,84,435
1827,7,3.0,4,7,7,2,0,1,436
1828,3,2.0,2,4,3,2,2,8,273
1829,5,2.0,2,4,5,2,1,2,436
1830,6,3.0,3,6,6,3,3,1,9
1831,6,3.0,3,6,6,3,3,10,9
1832,6,4.0,4,6,6,3,3,1,19
1833,7,3.0,4,7,7,1,2,34,75
1834,6,3.0,3,6,6,1,2,152,176
1835,6,3.0,3,5,6,1,1,34,437
1836,6,3.0,3,6,6,1,1,99,438
1837,6,3.0,3,6,6,1,4,99,438
1838,6,3.0,3,6,6,1,4,21,42
1839,6,3.0,3,6,6,4,2,153,328
1840,5,3.0,3,6,5,3,0,8,9
1841,7,4.0,4,7,7,3,0,10,9
1842,4,2.0,2,4,4,1,0,9,24
1843,6,3.0,3,6,6,1,2,9,439
1844,4,4.0,4,4,4,1,0,62,7
1845,4,2.0,2,4,4,1,4,4,19
1846,5,2.0,2,4,5,1,0,58,66
1847,6,3.0,3,6,6,1,2,4,440
1848,7,3.0,4,7,7,3,3,110,84
1849,6,2.0,3,5,6,3,0,20,9
1850,4,4.0,4,4,4,3,4,47,441
1851,5,2.0,3,5,5,4,0,84,432
1852,6,3.0,3,6,6,4,0,38,76
1853,4,4.0,4,4,4,4,0,38,248
1854,5,3.0,2,5,5,2,2,9,8
1855,6,3.0,3,6,6,2,2,9,436
1856,6,3.0,3,6,6,2,0,9,436
1857,7,4.0,3,7,7,2,4,9,9
1858,5,2.0,3,5,5,2,1,9,9
1859,7,4.0,4,7,7,2,0,74,7
1860,4,2.0,2,4,4,4,4,16,442
1861,6,3.0,3,6,6,0,1,1,39
1862,8,4.0,4,8,8,0,1,154,443
1863,6,3.0,3,6,6,5,2,14,367
1864,6,3.0,3,6,6,5,1,14,367
1865,5,3.0,3,6,5,5,0,14,367
1866,4,2.0,2,4,4,3,0,9,9
1867,6,3.0,3,6,6,3,4,10,9
1868,6,4.0,4,7,7,3,0,10,9
1869,6,3.0,3,6,6,3,1,33,58
1870,7,4.0,3,7,7,3,2,1,102
1871,6,4.0,4,7,6,3,2,8,102
1872,6,2.0,3,5,6,3,4,10,9
1873,5,3.0,2,5,5,3,4,1,9
1874,8,4.0,4,8,8,0,4,8,19
1875,7,4.0,3,7,7,0,3,145,108
1876,5,3.0,2,5,5,0,1,42,444
1877,6,3.0,4,6,6,3,3,1,9
1878,6,3.0,3,6,6,3,4,1,9
1879,4,3.0,3,6,5,3,0,8,9
1880,6,3.0,3,6,6,3,4,10,9
1881,6,3.0,3,6,6,5,1,49,144
1882,7,3.0,4,7,7,3,3,1,9
1883,5,3.0,3,5,5,3,3,8,18
1884,6,2.0,3,5,6,3,1,155,445
1885,6,3.0,3,6,6,3,1,155,445
1886,7,4.0,4,8,7,3,1,155,446
1887,6,3.0,3,6,6,3,0,1,9
1888,6,3.0,3,6,6,3,2,1,9
1889,6,3.0,3,6,6,3,0,20,9
1890,6,3.0,3,6,6,3,1,11,84
1891,7,4.0,3,7,7,3,0,10,9
1892,7,4.0,3,7,7,3,2,20,447
1893,6,3.0,3,6,6,3,1,11,84
1894,6,2.0,3,5,6,3,1,17,9
1895,6,3.0,3,6,6,3,3,1,102
1896,3,2.0,2,4,3,5,2,91,37
1897,6,3.0,3,6,6,5,0,8,448
1898,5,2.0,2,4,5,5,0,2,448
1899,6,3.0,3,6,6,3,2,16,146
1900,5,3.0,2,5,5,3,0,1,236
1901,6,3.0,3,6,6,3,0,8,70
1902,6,3.0,3,6,6,5,2,11,37
1903,5,2.0,3,5,5,5,0,11,37
1904,5,3.0,2,5,5,5,4,6,37
1905,5,3.0,2,5,5,4,0,10,9
1906,6,3.0,3,6,6,4,0,43,14
1907,6,3.0,3,6,6,4,1,12,14
1908,5,3.0,2,5,5,2,1,9,7
1909,5,3.0,2,5,5,2,0,9,7
1910,7,4.0,4,7,7,2,2,9,7
1911,6,3.0,3,6,6,5,0,49,449
1912,5,3.0,3,6,5,5,0,2,189
1913,6,3.0,3,6,6,5,3,31,384
1914,7,3.0,4,7,7,5,2,14,189
1915,6,3.0,3,6,6,5,4,14,189
1916,7,4.0,4,7,7,5,0,14,189
1917,7,4.0,3,7,7,1,3,3,450
1918,6,3.0,3,6,6,1,0,3,451
1919,7,4.0,4,7,7,1,0,0,452
1920,6,3.0,3,6,6,3,0,19,103
1921,3,2.0,2,4,3,3,2,39,103
1922,5,3.0,3,5,5,3,3,10,103
1923,6,3.0,3,6,6,2,0,7,155
1924,5,3.0,2,5,5,2,4,7,155
1925,6,3.0,3,5,5,2,2,29,155
1926,6,3.0,3,6,6,1,1,76,7
1927,4,2.0,2,4,4,2,2,9,7
1928,5,2.0,3,5,5,2,1,9,7
1929,7,3.0,4,7,7,0,0,20,453
1930,6,3.0,3,6,6,0,0,22,9
1931,8,4.0,4,8,8,0,4,2,291
1932,5,3.0,2,5,5,4,3,90,71
1933,5,2.0,3,5,5,4,3,86,454
1934,7,4.0,4,7,7,4,0,45,71
1935,6,3.0,3,6,6,0,1,1,391
1936,7,4.0,3,7,7,0,0,1,391
1937,5,2.0,2,5,5,0,1,40,11
1938,5,2.0,3,5,5,1,4,7,455
1939,7,3.0,3,6,6,1,0,4,163
1940,6,3.0,3,5,6,1,2,4,19
1941,5,3.0,2,5,5,1,2,21,66
1942,6,2.0,3,5,6,1,0,21,66
1943,7,4.0,4,7,7,1,0,21,66
1944,6,3.0,3,6,6,1,0,8,41
1945,5,2.0,2,4,5,1,0,76,41
1946,5,3.0,3,5,5,1,0,21,66
1947,6,3.0,3,6,6,4,4,25,456
1948,6,2.0,3,5,6,4,1,25,456
1949,4,4.0,4,4,4,4,2,25,39
1950,5,3.0,2,5,5,3,2,1,34
1951,6,3.0,3,6,6,3,2,10,457
1952,8,3.0,4,7,7,3,2,10,34
1953,7,3.0,4,7,7,3,3,17,174
1954,5,3.0,2,5,5,3,2,40,174
1955,7,4.0,3,7,7,3,0,2,174
1956,6,3.0,3,6,6,4,2,73,161
1957,7,3.0,4,7,7,3,4,10,192
1958,4,3.0,3,5,5,3,4,10,161
1959,6,3.0,3,6,6,2,0,9,7
1960,5,3.0,4,7,6,2,2,9,9
1961,4,2.0,3,5,5,2,0,9,7
1962,6,3.0,3,6,6,1,1,1,339
1963,6,3.0,3,6,6,3,4,8,339
1964,8,4.0,4,8,8,3,0,1,339
1965,4,2.0,2,4,4,3,0,1,24
1966,6,3.0,3,6,6,3,0,1,9
1967,5,2.0,2,4,5,0,0,2,39
1968,3,2.0,2,4,3,1,4,31,44
1969,6,2.0,3,5,6,1,1,31,44
1970,4,2.0,2,4,4,1,2,31,44
1971,4,2.0,2,4,4,3,0,1,115
1972,5,3.0,2,5,5,3,1,1,9
1973,5,3.0,3,5,6,3,0,1,9
1974,6,3.0,3,6,6,4,0,156,9
1975,6,3.0,3,6,7,4,2,20,9
1976,8,4.0,4,8,8,4,0,10,51
1977,6,3.0,3,6,6,0,3,8,1
1978,3,2.0,2,4,4,0,3,94,1
1979,5,3.0,3,6,6,0,0,8,1
1980,6,3.0,3,6,6,4,1,38,74
1981,6,2.0,3,5,6,3,2,48,24
1982,5,2.0,2,4,5,4,1,38,74
1983,6,3.0,3,6,6,3,2,1,9
1984,6,3.0,3,6,6,3,0,48,9
1985,6,4.0,4,6,6,3,0,9,102
1986,5,3.0,2,5,5,3,4,10,458
1987,6,3.0,3,6,6,3,4,36,9
1988,6,3.0,3,6,6,3,1,10,9
1989,6,3.0,3,6,6,2,2,10,9
1990,7,3.0,4,7,7,2,2,10,459
1991,6,3.0,3,6,6,2,3,10,459
1992,6,3.0,3,6,6,0,4,8,36
1993,8,4.0,4,8,8,0,1,8,36
1994,6,3.0,3,6,6,3,0,1,132
1995,7,4.0,3,7,7,4,0,2,36
1996,6,3.0,3,6,6,3,0,10,460
1997,5,3.0,2,5,5,4,2,16,39
1998,5,3.0,2,5,5,4,0,16,461
1999,5,2.0,3,5,5,4,2,16,462
2000,6,3.0,3,6,6,0,0,8,184
2001,6,3.0,3,6,6,0,4,1,184
2002,5,2.0,2,4,5,0,0,2,184
2003,6,3.0,3,6,6,3,0,1,74
2004,5,3.0,3,6,5,3,0,20,9
2005,4,3.0,2,4,4,3,2,1,9
2006,6,2.0,3,5,6,3,0,1,463
2007,3,2.0,2,4,4,3,0,8,464
2008,6,3.0,4,6,6,3,0,9,463
2009,5,3.0,2,5,5,2,0,157,421
2010,4,2.0,2,4,4,2,2,157,7
2011,6,3.0,3,5,6,2,0,157,9
2012,6,3.0,3,6,6,5,1,39,465
2013,6,3.0,3,6,6,5,0,2,214
2014,7,4.0,4,7,7,5,3,10,465
2015,7,3.0,4,7,7,4,0,15,466
2016,6,3.0,3,6,6,4,3,158,236
2017,4,4.0,4,4,4,4,4,20,9
2018,6,3.0,3,6,6,4,1,16,22
2019,8,4.0,4,8,8,4,0,1,22
2020,7,4.0,4,7,7,4,0,1,39
2021,7,3.0,4,7,7,0,0,8,19
2022,5,3.0,3,6,5,0,0,8,19
2023,5,2.0,2,4,5,0,0,8,19
2024,6,3.0,3,6,6,2,4,9,7
2025,6,3.0,3,6,6,2,4,9,7
2026,4,2.0,3,5,5,2,0,6,123
2027,7,3.0,4,7,7,2,3,56,365
2028,5,2.0,2,4,5,2,0,140,467
2029,6,3.0,3,6,6,2,2,140,365
2030,6,2.0,3,5,6,2,0,35,9
2031,6,3.0,3,6,6,2,3,9,7
2032,3,2.0,2,4,3,0,0,31,18
2033,6,3.0,3,6,6,0,0,11,84
2034,6,3.0,3,6,6,0,4,11,84
2035,6,3.0,3,6,6,0,1,16,39
2036,7,4.0,3,7,7,3,3,1,468
2037,6,3.0,3,6,5,0,4,8,80
2038,5,3.0,2,5,5,1,4,99,469
2039,5,3.0,2,5,5,1,4,19,360
2040,5,3.0,3,5,5,1,4,99,360
2041,4,2.0,2,4,4,3,2,1,281
2042,6,3.0,3,6,6,3,0,8,281
2043,5,3.0,2,5,5,3,0,20,470
2044,3,2.0,2,4,3,4,0,16,39
2045,5,3.0,3,6,6,4,0,16,39
2046,5,2.0,2,5,5,0,0,16,437
2047,6,3.0,3,6,6,3,0,9,9
2048,6,3.0,3,6,6,0,2,10,47
2049,5,3.0,3,5,5,0,0,8,19
2050,5,3.0,2,5,5,1,2,22,19
2051,6,3.0,3,6,6,1,2,74,4
2052,6,3.0,3,6,6,1,1,6,4
2053,6,3.0,3,6,6,5,4,14,103
2054,2,2.0,1,3,2,5,2,14,471
2055,7,3.0,4,7,7,5,0,14,103
2056,4,2.0,2,4,4,4,2,10,86
2057,6,3.0,3,6,6,4,2,90,86
2058,7,4.0,4,7,7,4,0,10,86
2059,6,3.0,3,6,6,0,0,8,19
2060,7,4.0,3,7,7,0,0,11,438
2061,7,4.0,4,7,7,0,0,11,438
2062,6,3.0,3,6,6,0,0,11,56
2063,6,3.0,3,6,6,0,2,11,56
2064,8,4.0,4,8,8,0,0,8,18
2065,7,3.0,4,7,7,3,3,1,102
2066,5,3.0,3,6,6,0,0,155,472
2067,7,3.0,3,7,7,0,3,8,39
2068,3,2.0,2,4,3,5,0,159,384
2069,6,3.0,3,6,6,5,2,2,66
2070,5,3.0,2,5,5,5,2,19,473
2071,6,2.0,3,5,6,4,0,16,22
2072,6,3.0,4,7,6,4,0,16,22
2073,6,3.0,3,6,6,4,0,16,22
2074,6,3.0,3,6,6,3,2,46,70
2075,6,3.0,3,6,6,3,2,132,474
2076,6,3.0,3,5,6,3,1,1,70
2077,6,3.0,3,6,6,0,0,8,327
2078,4,2.0,2,4,4,2,3,2,160
2079,6,3.0,3,6,6,2,2,2,36
2080,5,3.0,3,6,5,3,0,11,84
2081,6,3.0,3,6,6,3,4,8,475
2082,7,4.0,4,8,8,3,0,1,10
2083,7,3.0,4,7,7,4,0,20,29
2084,6,3.0,3,6,6,4,0,26,29
2085,7,4.0,4,7,7,4,0,26,29
2086,7,4.0,3,7,7,4,4,40,196
2087,7,3.0,4,7,7,4,4,30,476
2088,4,2.0,3,5,5,4,0,8,196
2089,7,3.0,4,7,7,4,0,80,117
2090,6,2.0,3,5,6,4,0,80,16
2091,5,2.0,2,4,5,4,3,47,16
2092,5,3.0,2,5,5,0,0,9,477
2093,5,3.0,2,5,5,0,2,8,477
2094,5,2.0,2,4,5,0,0,8,70
2095,7,4.0,3,7,7,3,4,1,19
2096,6,3.0,3,6,6,0,4,8,39
2097,8,4.0,4,8,8,4,1,160,478
2098,6,3.0,3,6,6,2,1,6,121
2099,5,3.0,3,6,5,2,3,2,8
2100,7,4.0,3,7,7,3,3,10,9
2101,7,3.0,4,7,7,3,0,1,9
2102,5,3.0,3,6,5,3,0,16,479
2103,6,4.0,4,6,6,3,0,16,340
2104,6,3.0,3,6,6,3,0,1,9
2105,5,2.0,3,5,5,3,2,48,9
2106,4,2.0,2,4,4,3,0,9,9
2107,5,3.0,2,5,5,2,2,9,9
2108,6,3.0,4,7,6,2,4,9,7
2109,5,4.0,4,5,5,2,0,7,7
2110,5,2.0,2,4,5,0,0,40,11
2111,4,2.0,3,5,5,0,0,58,112
2112,8,4.0,4,7,7,0,3,8,11
2113,6,3.0,3,6,6,0,1,131,480
2114,6,3.0,3,6,6,0,4,161,481
2115,7,3.0,3,6,6,0,0,47,482
2116,4,2.0,2,4,4,0,0,2,36
2117,2,2.0,2,4,3,3,0,8,102
2118,8,4.0,4,7,7,0,0,9,19
2119,6,3.0,3,6,6,0,2,8,84
2120,6,2.0,3,5,6,0,0,17,9
2121,3,2.0,2,4,4,0,4,8,84
2122,6,3.0,3,6,6,1,4,8,18
2123,4,2.0,2,4,4,1,0,2,483
2124,6,3.0,3,6,6,1,0,9,65
2125,7,3.0,3,6,7,5,0,162,37
2126,6,2.0,3,5,6,5,0,162,37
2127,4,4.0,4,4,4,5,4,37,37
2128,6,3.0,3,6,6,1,1,8,65
2129,6,3.0,3,6,6,1,4,8,65
2130,6,4.0,4,7,7,1,3,94,19
2131,7,3.0,4,7,7,1,2,21,66
2132,6,3.0,3,6,6,3,2,27,484
2133,5,4.0,4,4,4,1,4,21,66
2134,6,3.0,3,6,6,3,0,17,9
2135,6,3.0,3,6,6,3,2,17,485
2136,6,4.0,4,7,7,3,0,1,9
2137,4,2.0,2,4,4,4,4,2,386
2138,6,2.0,3,5,6,4,4,1,486
2139,7,3.0,3,7,6,4,4,8,120
2140,7,3.0,4,7,7,4,2,1,366
2141,6,3.0,3,6,6,4,4,84,461
2142,7,4.0,4,7,7,4,4,38,33
2143,6,3.0,3,6,6,3,1,11,487
2144,7,3.0,4,7,7,3,0,11,487
2145,7,4.0,4,7,7,3,3,11,487
2146,6,3.0,3,6,6,4,0,90,488
2147,4,2.0,2,4,4,4,0,16,488
2148,6,3.0,3,6,6,4,0,90,488
2149,6,3.0,3,6,6,3,0,48,9
2150,6,3.0,3,6,6,5,4,8,37
2151,7,4.0,4,7,7,3,3,1,9
2152,5,3.0,2,5,5,3,0,10,45
2153,3,2.0,2,4,4,3,2,10,489
2154,8,4.0,4,8,8,3,3,10,9
2155,6,3.0,3,6,6,0,4,22,112
2156,6,3.0,3,6,6,0,3,22,112
2157,5,3.0,3,6,5,0,3,22,112
2158,6,3.0,3,6,6,3,3,1,9
2159,6,3.0,3,6,6,0,4,45,112
2160,6,3.0,3,5,6,3,1,2,9
2161,6,3.0,3,6,6,3,3,1,9
2162,6,3.0,3,6,6,0,2,8,113
2163,8,4.0,4,8,8,1,0,9,65
2164,6,3.0,3,6,6,3,2,16,285
2165,4,4.0,4,8,6,3,0,16,70
2166,5,2.0,2,4,5,3,1,98,75
2167,6,3.0,3,6,6,2,1,9,7
2168,5,4.0,3,7,6,2,0,9,7
2169,6,3.0,3,5,6,2,1,9,70
2170,5,3.0,2,5,5,2,2,9,24
2171,6,3.0,4,7,7,2,3,9,490
2172,4,4.0,4,4,4,2,0,9,490
2173,6,3.0,3,6,6,2,1,48,9
2174,6,3.0,3,6,6,2,2,9,7
2175,6,3.0,3,6,6,2,2,9,7
2176,5,2.0,2,4,5,2,1,138,491
2177,6,3.0,3,6,6,3,2,149,425
2178,5,3.0,2,5,5,3,2,15,63
2179,6,3.0,3,5,6,3,1,15,63
2180,7,3.0,4,7,7,4,0,94,186
2181,5,3.0,2,5,5,4,2,163,186
2182,8,4.0,4,8,8,3,3,1,9
2183,6,3.0,3,6,6,3,0,10,293
2184,7,3.0,4,7,7,3,4,1,25
2185,8,4.0,4,8,8,3,4,20,25
2186,6,2.0,3,5,6,2,1,62,123
2187,5,3.0,3,6,6,2,0,9,7
2188,6,4.0,4,6,6,2,0,9,7
2189,4,2.0,2,4,4,0,2,40,113
2190,5,3.0,3,6,6,0,0,8,113
2191,6,3.0,3,6,6,0,3,2,113
2192,6,3.0,3,6,6,4,0,16,492
2193,6,3.0,3,6,6,4,4,10,53
2194,6,3.0,3,5,5,4,4,16,113
2195,7,4.0,3,7,7,2,0,9,7
2196,7,4.0,4,8,7,2,0,9,7
2197,6,4.0,4,7,7,2,0,9,7
2198,6,3.0,3,6,6,3,4,1,9
2199,6,3.0,3,6,6,3,2,10,9
2200,6,3.0,3,6,6,3,2,1,9
2201,5,3.0,2,5,5,3,0,1,9
2202,6,3.0,3,6,6,3,0,10,9
2203,4,1.0,1,1,3,3,2,10,9
2204,7,4.0,3,7,7,0,0,1,493
2205,4,2.0,2,4,4,0,3,11,107
2206,6,3.0,3,6,6,0,0,45,311
2207,6,3.0,3,6,6,0,1,131,494
2208,5,3.0,3,6,5,0,0,131,494
2209,5,2.0,2,4,5,0,1,131,494
2210,6,3.0,3,6,6,0,1,31,495
2211,6,3.0,3,6,6,0,0,31,495
2212,7,4.0,3,7,7,0,0,31,495
2213,3,2.0,2,4,3,4,0,1,363
2214,4,3.0,3,6,5,4,4,8,18
2215,7,3.0,3,6,6,4,4,84,74
2216,7,3.0,4,7,7,2,3,9,8
2217,4,2.0,2,4,4,2,4,62,7
2218,5,3.0,3,5,5,2,2,9,8
2219,8,4.0,4,8,8,1,2,2,496
2220,6,3.0,3,6,6,1,0,21,66
2221,8,4.0,4,8,8,1,0,4,409
2222,7,3.0,4,7,7,0,0,10,497
2223,6,3.0,3,6,6,0,2,10,497
2224,6,3.0,3,6,6,0,0,20,497
2225,5,3.0,2,5,5,0,3,45,330
2226,5,3.0,3,6,5,0,0,47,322
2227,6,3.0,3,6,6,0,1,45,121
2228,6,3.0,3,6,6,2,3,42,498
2229,6,3.0,3,6,6,2,2,20,374
2230,7,4.0,4,7,7,2,4,42,499
2231,7,4.0,3,7,7,4,2,64,80
2232,5,3.0,2,5,5,2,0,6,123
2233,7,4.0,4,7,7,2,1,9,7
2234,3,2.0,2,4,3,1,0,58,66
2235,6,3.0,3,6,6,1,2,4,47
2236,7,3.0,4,7,7,1,3,21,66
2237,6,3.0,3,6,6,2,0,62,363
2238,6,3.0,3,6,6,2,2,62,500
2239,5,2.0,2,4,5,2,1,74,7
2240,5,2.0,3,5,5,3,0,1,501
2241,5,2.0,2,4,5,3,0,16,193
2242,5,2.0,2,4,5,3,1,20,502
2243,6,3.0,3,6,6,0,1,10,150
2244,5,3.0,2,5,5,0,3,16,503
2245,5,2.0,2,4,5,0,4,14,409
2246,6,3.0,3,6,6,4,1,2,386
2247,6,3.0,3,6,6,4,0,1,504
2248,8,4.0,4,8,8,4,0,8,120
2249,6,3.0,3,6,6,4,1,16,22
2250,4,2.0,2,4,4,4,0,26,22
2251,4,2.0,2,4,4,4,2,16,505
2252,6,3.0,3,6,6,0,0,8,506
2253,5,3.0,3,6,5,0,0,8,399
2254,6,3.0,3,6,6,0,3,164,343
2255,6,3.0,3,6,6,5,0,10,37
2256,4,2.0,2,4,4,5,0,39,37
2257,7,3.0,4,7,7,5,0,39,37
2258,6,3.0,3,6,6,0,0,111,7
2259,6,3.0,3,6,6,0,2,8,160
2260,6,3.0,3,6,7,2,0,62,7
2261,6,3.0,3,6,6,0,1,40,315
2262,6,3.0,3,6,6,0,2,36,507
2263,8,3.0,3,7,7,0,2,8,134
2264,6,3.0,3,6,6,4,1,25,165
2265,5,2.0,3,5,5,4,0,1,24
2266,6,3.0,3,6,6,4,1,47,159
2267,5,2.0,2,4,5,4,2,80,508
2268,7,4.0,4,7,7,4,3,10,9
2269,6,3.0,3,6,6,2,1,6,123
2270,6,2.0,3,5,6,3,0,1,9
2271,5,2.0,2,4,5,3,1,2,9
2272,6,3.0,3,6,6,2,0,20,9
2273,6,3.0,3,6,6,2,0,9,7
2274,5,2.0,2,5,5,2,0,1,9
2275,6,3.0,3,6,6,5,4,49,130
2276,6,3.0,3,6,6,5,2,8,77
2277,5,3.0,2,5,5,5,0,10,509
2278,5,2.0,3,5,5,0,2,11,302
2279,5,3.0,2,5,5,0,0,11,103
2280,6,3.0,3,5,6,0,2,11,103
2281,7,4.0,3,7,7,4,0,17,510
2282,4,4.0,4,8,6,4,0,8,18
2283,6,2.0,3,5,6,4,0,8,510
2284,6,2.0,3,5,6,1,4,37,269
2285,6,3.0,3,6,6,1,2,5,44
2286,7,3.0,3,7,7,1,1,5,44
2287,8,4.0,4,8,8,3,4,22,503
2288,6,3.0,3,6,6,3,0,111,75
2289,7,3.0,3,7,6,3,4,8,120
2290,4,2.0,2,4,4,3,0,1,24
2291,5,3.0,2,5,5,2,0,9,511
2292,5,3.0,3,6,6,2,0,9,24
2293,6,3.0,3,6,6,0,1,9,168
2294,6,2.0,3,5,6,0,0,1,9
2295,4,4.0,4,4,4,0,2,9,13
2296,7,3.0,4,7,7,3,0,1,9
2297,7,4.0,3,7,7,3,0,1,9
2298,7,4.0,4,7,7,3,0,1,102
2299,5,3.0,2,5,5,3,2,1,9
2300,6,3.0,3,6,6,3,0,10,9
2301,6,3.0,3,6,6,3,2,8,9
2302,4,2.0,2,4,4,3,0,1,9
2303,7,4.0,4,8,7,3,0,8,102
2304,8,4.0,4,8,8,3,0,1,9
2305,5,3.0,2,5,5,4,1,16,162
2306,6,2.0,3,5,6,4,4,8,59
2307,5,2.0,2,4,5,4,1,16,162
2308,7,3.0,4,7,7,2,0,10,235
2309,6,3.0,3,6,6,2,0,10,123
2310,5,4.0,4,7,7,2,3,20,512
2311,6,3.0,3,6,6,5,1,49,130
2312,7,4.0,4,8,7,5,1,20,438
2313,6,3.0,3,6,6,5,0,103,513
2314,6,3.0,3,6,6,1,1,4,19
2315,5,2.0,3,5,5,1,0,4,19
2316,6,3.0,3,6,6,1,1,38,117
2317,6,3.0,3,6,6,2,1,6,123
2318,6,3.0,3,6,6,2,3,9,7
2319,8,4.0,4,8,8,2,0,165,514
2320,7,3.0,4,7,7,1,3,69,421
2321,4,2.0,2,4,4,1,3,69,515
2322,7,4.0,4,7,7,1,3,42,21
2323,7,3.0,4,7,7,1,2,109,152
2324,5,3.0,2,5,5,2,0,6,123
2325,4,4.0,4,4,4,1,0,69,152
2326,4,2.0,2,4,4,5,1,10,516
2327,5,3.0,2,5,5,5,2,8,517
2328,8,4.0,4,8,8,5,3,8,517
2329,6,3.0,3,6,6,5,1,41,189
2330,6,3.0,3,6,6,5,4,8,448
2331,6,3.0,3,5,6,5,1,91,448
2332,5,2.0,2,4,5,4,0,140,88
2333,6,3.0,3,6,6,4,2,140,88
2334,6,2.0,3,5,6,4,2,140,88
2335,4,2.0,2,4,4,2,0,43,518
2336,6,3.0,3,6,6,2,2,36,86
2337,5,3.0,3,5,5,2,2,20,101
2338,6,3.0,3,6,6,1,4,58,66
2339,6,3.0,3,6,6,1,4,4,19
2340,6,4.0,4,6,6,1,4,58,66
2341,6,3.0,3,6,6,0,3,8,424
2342,6,3.0,3,6,6,0,4,8,424
2343,6,3.0,3,6,6,0,1,28,424
2344,6,3.0,3,6,6,0,1,1,519
2345,6,3.0,3,6,6,0,1,16,22
2346,7,4.0,4,8,8,0,1,16,22
2347,6,3.0,3,6,6,4,1,31,89
2348,5,2.0,2,4,5,4,1,2,256
2349,7,4.0,4,8,7,4,0,31,89
2350,5,2.0,2,4,5,2,1,35,161
2351,5,3.0,3,6,5,2,2,74,520
2352,6,3.0,3,6,6,2,1,74,520
2353,6,3.0,3,6,6,1,2,37,521
2354,6,3.0,3,6,6,1,4,4,522
2355,6,4.0,4,6,6,1,3,37,521
2356,6,3.0,3,6,6,0,1,2,134
2357,5,3.0,2,5,5,0,2,8,45
2358,6,4.0,4,6,6,0,0,8,39
2359,6,3.0,3,6,6,2,0,10,365
2360,6,3.0,3,6,6,2,2,10,365
2361,6,3.0,3,6,6,2,0,1,365
2362,6,3.0,3,6,6,1,2,73,331
2363,5,3.0,2,5,5,1,2,6,19
2364,6,3.0,3,6,6,1,1,19,103
2365,6,3.0,3,6,6,4,0,38,186
2366,4,3.0,3,6,5,4,4,8,18
2367,6,3.0,3,6,6,4,3,38,186
2368,6,3.0,3,6,6,1,2,8,65
2369,4,3.0,3,6,5,1,1,8,523
2370,7,3.0,3,6,7,1,0,8,170
2371,7,3.0,4,7,7,1,0,4,346
2372,6,3.0,3,6,6,1,1,58,66
2373,8,4.0,4,8,8,1,2,31,44
2374,6,3.0,3,6,6,4,0,26,89
2375,5,2.0,2,4,5,4,0,8,524
2376,7,3.0,4,7,7,3,0,1,18
2377,7,3.0,4,7,7,3,3,1,194
2378,6,3.0,3,6,6,3,2,1,10
2379,6,4.0,4,7,7,3,0,8,343
2380,6,2.0,3,5,6,1,0,31,44
2381,6,3.0,3,6,6,1,0,31,44
2382,5,3.0,3,5,5,1,2,31,44
2383,6,3.0,3,6,6,3,0,10,161
2384,3,3.0,3,6,4,3,0,8,249
2385,6,3.0,3,6,6,3,3,10,161
2386,6,3.0,3,6,6,4,1,17,191
2387,6,3.0,3,6,6,4,0,1,191
2388,6,2.0,2,4,6,4,3,1,9
2389,7,4.0,3,7,7,2,0,166,525
2390,6,3.0,3,6,6,2,1,167,526
2391,7,4.0,4,7,7,2,4,168,88
2392,6,3.0,3,6,6,3,0,1,527
2393,6,3.0,3,6,6,3,0,9,528
2394,7,3.0,3,6,7,3,0,169,529
2395,6,3.0,3,6,6,2,4,9,7
2396,7,4.0,3,7,7,2,2,9,8
2397,4,4.0,4,4,4,2,2,9,7
2398,6,3.0,3,6,6,0,1,2,315
2399,5,3.0,2,5,5,0,1,8,19
2400,7,4.0,4,7,7,0,0,45,530
2401,7,3.0,4,7,7,2,0,10,9
2402,6,3.0,3,6,6,2,1,20,9
2403,8,4.0,4,8,8,2,0,10,531
2404,6,3.0,3,6,6,4,3,35,532
2405,4,2.0,2,4,4,4,0,22,403
2406,6,3.0,3,6,6,4,4,170,533
2407,5,2.0,3,5,5,5,0,22,19
2408,6,3.0,3,6,6,5,2,11,534
2409,6,3.0,3,6,6,5,1,22,138
2410,7,3.0,4,7,7,3,3,111,535
2411,8,4.0,4,8,8,1,2,36,44
2412,8,4.0,4,8,8,3,0,1,80
2413,6,3.0,3,6,6,3,2,20,263
2414,6,3.0,3,6,6,3,0,10,263
2415,4,2.0,2,4,4,2,3,9,7
2416,6,3.0,3,6,6,3,0,1,9
2417,5,3.0,3,5,5,2,0,9,123
2418,6,3.0,3,6,6,3,0,1,9
2419,5,2.0,2,4,5,3,3,8,9
2420,3,2.0,2,4,3,3,0,14,208
2421,6,3.0,3,6,6,3,2,14,208
2422,7,4.0,4,7,7,5,0,39,208
2423,6,3.0,3,6,6,5,0,19,37
2424,6,2.0,3,5,6,5,2,171,536
2425,6,4.0,4,6,6,5,2,14,37
2426,6,3.0,3,6,6,5,0,2,537
2427,6,3.0,3,6,6,5,3,2,214
2428,6,3.0,3,6,6,5,1,2,214
2429,7,3.0,4,7,7,3,0,11,538
2430,6,2.0,3,5,6,3,0,11,538
2431,5,2.0,2,4,5,3,4,11,538
2432,4,2.0,2,4,4,4,0,25,80
2433,5,3.0,4,7,6,4,4,25,80
2434,7,4.0,4,7,7,4,0,25,74
2435,6,3.0,3,6,6,4,2,8,193
2436,5,3.0,3,6,6,4,0,26,510
2437,5,3.0,2,5,5,4,0,75,510
2438,6,3.0,3,6,6,0,0,49,496
2439,6,3.0,3,6,6,3,0,1,9
2440,6,3.0,3,6,6,0,0,8,496
2441,6,3.0,3,6,6,3,3,9,539
2442,4,2.0,2,4,4,0,0,1,9
2443,4,2.0,1,4,4,3,3,8,9
2444,6,3.0,3,6,6,1,2,141,3
2445,6,3.0,3,6,6,1,4,26,406
2446,4,4.0,4,4,4,1,0,32,540
2447,6,3.0,3,6,6,3,3,1,9
2448,5,3.0,3,6,5,3,3,8,9
2449,6,3.0,3,6,6,1,3,9,9
2450,7,4.0,3,7,7,0,4,8,541
2451,5,3.0,3,6,5,0,1,11,39
2452,6,4.0,3,7,7,0,1,103,541
2453,6,3.0,3,6,6,5,0,108,263
2454,6,3.0,3,6,6,5,0,108,263
2455,6,3.0,3,6,6,5,3,39,542
2456,7,3.0,4,7,7,0,0,17,22
2457,6,3.0,3,6,6,0,0,1,543
2458,6,4.0,4,6,6,0,0,16,21
2459,7,3.0,4,7,7,3,0,17,20
2460,5,3.0,3,6,5,3,0,8,20
2461,7,4.0,4,7,7,3,3,9,544
2462,6,3.0,3,6,6,0,0,9,545
2463,6,3.0,3,6,6,0,2,1,546
2464,5,3.0,3,6,6,0,0,8,547
2465,6,3.0,3,6,6,5,2,108,548
2466,6,3.0,3,6,6,5,4,39,549
2467,6,3.0,3,6,6,5,0,39,550
2468,6,3.0,3,6,6,3,0,20,132
2469,5,3.0,2,5,5,3,0,1,551
2470,6,3.0,2,5,5,3,0,84,132
2471,6,3.0,3,6,6,4,0,71,552
2472,5,2.0,3,5,5,4,0,19,138
2473,6,3.0,3,6,6,4,4,71,552
2474,5,3.0,2,5,5,3,3,1,9
2475,6,4.0,4,8,7,3,3,-1,-1
2476,6,4.0,4,8,7,3,3,10,9
2476,6,4.0,4,8,7,3,3,8,102
2477,6,3.0,3,6,6,1,0,21,66
2478,6,3.0,3,6,6,1,4,21,66
2479,7,4.0,4,7,7,1,0,4,44
2480,6,3.0,3,6,6,5,3,11,37
2481,6,2.0,3,5,6,5,0,11,37
2482,6,3.0,3,6,6,5,4,11,37
2483,7,3.0,4,7,7,3,0,1,553
2484,3,2.0,2,4,3,3,0,2,554
2485,5,2.0,3,4,5,3,0,2,45
2486,6,3.0,3,6,6,4,0,16,555
2487,7,3.0,4,7,7,4,0,20,41
2488,5,3.0,3,5,5,4,4,2,160
2489,6,3.0,3,6,6,4,0,1,9
2490,7,4.0,3,7,7,4,0,40,556
2491,7,3.0,4,7,7,4,0,45,557
2492,5,3.0,2,5,5,3,2,16,558
2493,3,4.0,4,8,6,3,2,47,200
2494,6,3.0,3,6,6,3,2,16,285
2495,6,3.0,3,6,6,1,2,69,80
2496,4,4.0,4,8,6,1,2,16,170
2497,7,3.0,4,7,7,1,0,16,170
2498,6,3.0,3,6,6,4,0,47,159
2499,6,3.0,3,6,6,4,0,47,407
2500,6,3.0,3,6,6,4,0,158,559
2501,5,3.0,2,5,5,2,2,19,47
2502,4,3.0,3,6,5,2,0,19,19
2503,6,3.0,3,6,6,2,0,9,7
2504,5,3.0,2,5,5,2,0,6,123
2505,4,4.0,4,8,6,2,1,9,7
2506,4,4.0,4,4,4,2,1,62,7
2507,6,3.0,3,6,6,2,1,10,53
2508,6,3.0,3,6,6,2,2,6,560
2509,8,4.0,4,9,8,2,4,10,53
2510,7,3.0,4,7,7,3,3,15,63
2511,5,2.0,2,4,5,3,0,76,21
2512,4,4.0,4,4,4,3,1,1,21
2513,5,2.0,3,5,5,2,0,6,7
2514,4,3.0,3,6,5,2,2,9,374
2515,5,3.0,3,5,6,2,2,9,374
2516,6,3.0,3,6,6,3,0,1,9
2517,5,3.0,2,5,5,3,0,1,9
2518,7,3.0,4,7,7,3,4,14,9
2519,6,3.0,3,6,6,2,0,9,7
2520,6,2.0,3,5,6,2,1,98,75
2521,6,3.0,3,6,6,2,0,172,137
2522,6,3.0,3,6,6,5,2,11,37
2523,6,3.0,3,6,6,5,2,11,37
2524,7,4.0,4,7,7,5,0,11,37
2525,6,3.0,3,6,6,2,3,56,365
2526,6,3.0,3,6,6,2,2,56,365
2527,5,4.0,3,6,6,2,2,56,365
2528,6,2.0,3,5,6,3,2,76,253
2529,6,3.0,3,6,6,3,4,6,253
2530,8,4.0,4,8,8,0,3,173,428
2531,6,3.0,3,6,6,4,0,99,438
2532,6,3.0,3,6,6,4,4,8,561
2533,6,3.0,3,6,6,4,1,99,438
2534,6,3.0,3,6,6,4,3,137,178
2535,6,3.0,3,6,6,4,2,63,562
2536,6,3.0,3,5,6,4,1,47,178
2537,4,2.0,2,4,4,3,0,1,475
2538,6,3.0,3,6,6,3,0,8,34
2539,5,3.0,3,5,5,3,0,8,475
2540,4,2.0,2,4,4,2,0,6,330
2541,6,3.0,3,6,6,2,2,174,330
2542,7,4.0,4,7,7,2,3,8,330
2543,4,2.0,2,4,4,3,0,1,9
2544,6,3.0,3,6,6,3,0,1,9
2545,6,3.0,3,5,6,3,1,48,10
2546,7,3.0,4,7,7,3,0,10,192
2547,6,3.0,3,6,6,3,0,60,161
2548,7,4.0,4,7,7,3,0,10,192
2549,6,3.0,3,6,6,5,3,108,375
2550,6,3.0,3,6,6,5,3,45,37
2551,6,4.0,3,6,6,5,2,47,381
2552,6,3.0,3,6,6,3,4,1,9
2553,6,3.0,3,6,6,3,2,10,9
2554,6,3.0,3,6,6,3,4,1,9
2555,6,3.0,3,6,6,1,4,21,66
2556,5,3.0,4,7,6,1,0,21,66
2557,4,2.0,2,4,4,1,2,21,66
2558,3,2.0,2,4,3,5,0,74,37
2559,6,3.0,3,6,6,5,0,11,299
2560,6,3.0,3,6,6,5,0,9,37
2561,7,4.0,3,7,7,2,2,10,123
2562,5,3.0,2,5,5,2,2,6,123
2563,6,3.0,3,6,7,2,3,9,7
2564,6,2.0,3,5,6,5,0,101,324
2565,5,3.0,2,5,5,0,2,16,563
2566,8,4.0,4,8,8,5,3,8,70
2567,7,3.0,3,6,7,1,0,141,3
2568,5,2.0,2,4,5,1,0,141,3
2569,4,3.0,2,5,5,1,4,141,3
2570,6,3.0,3,6,6,2,0,9,9
2571,6,2.0,3,5,6,2,0,1,9
2572,6,3.0,3,6,6,2,0,8,9
2573,6,3.0,3,6,6,3,1,10,564
2574,4,3.0,3,6,5,3,1,10,564
2575,7,3.0,3,6,7,3,0,10,564
2576,6,3.0,3,6,6,0,3,8,113
2577,3,2.0,2,4,3,1,3,32,565
2578,6,2.0,3,5,6,1,0,19,23
2579,6,3.0,3,6,6,4,0,10,9
2580,5,2.0,3,5,5,4,0,175,236
2581,6,3.0,3,6,6,4,2,176,566
2582,6,3.0,3,6,6,2,2,6,266
2583,4,2.0,2,4,5,4,4,8,192
2584,6,4.0,4,8,7,4,4,26,567
2585,7,4.0,3,7,7,2,0,56,365
2586,6,3.0,3,6,6,2,3,140,365
2587,4,4.0,4,8,6,2,2,56,365
2588,5,5.0,4,8,7,2,2,140,568
2589,5,3.0,2,5,5,3,0,20,429
2590,6,3.0,3,6,6,3,2,20,429
2591,4,4.0,4,4,4,3,0,15,63
2592,6,3.0,3,6,6,3,0,14,299
2593,6,3.0,3,6,6,3,0,10,263
2594,5,3.0,2,5,5,3,0,2,18
2595,7,4.0,3,7,7,4,0,177,89
2596,6,3.0,3,6,6,4,4,65,12
2597,6,3.0,2,5,5,4,4,65,202
2598,7,4.0,3,7,7,3,0,20,389
2599,5,3.0,2,5,5,3,0,106,389
2600,6,3.0,3,5,6,3,3,106,9
2601,7,3.0,4,7,7,3,4,20,9
2602,6,3.0,3,6,6,3,3,1,9
2603,6,3.0,3,6,6,3,1,39,151
2604,6,3.0,3,6,6,0,0,2,36
2605,7,3.0,4,7,7,0,0,2,36
2606,6,3.0,3,6,6,0,2,8,36
2607,7,3.0,4,7,7,3,0,37,34
2608,6,2.0,3,5,6,3,0,17,475
2609,4,4.0,4,4,4,3,0,27,43
2610,5,3.0,2,5,5,3,0,22,84
2611,6,3.0,3,6,6,3,0,8,569
2612,7,4.0,4,7,7,3,0,11,18
2613,6,2.0,3,5,6,4,0,73,192
2614,6,3.0,3,6,6,4,0,8,192
2615,5,2.0,2,4,5,4,0,73,161
2616,6,3.0,3,6,6,3,0,14,570
2617,6,3.0,3,6,6,3,0,14,9
2618,7,3.0,3,6,6,3,1,103,28
2619,5,3.0,2,5,5,1,2,69,224
2620,6,3.0,3,6,6,1,4,109,152
2621,6,2.0,3,5,6,1,1,109,224
2622,5,3.0,2,5,5,5,0,14,571
2623,6,3.0,3,6,6,5,0,14,571
2624,7,3.0,3,6,7,5,0,14,571
2625,4,2.0,2,4,4,2,4,1,24
2626,6,3.0,3,6,6,2,0,10,205
2627,6,3.0,3,6,6,2,3,35,205
2628,6,3.0,3,6,6,4,0,178,99
2629,5,3.0,2,5,5,3,0,1,24
2630,5,3.0,3,6,6,3,0,10,3
2631,7,4.0,3,7,7,0,0,45,572
2632,5,3.0,3,6,5,0,0,2,39
2633,5,2.0,2,4,5,0,0,131,572
2634,6,3.0,3,6,6,4,4,19,573
2635,6,3.0,3,6,6,4,2,131,574
2636,8,4.0,4,8,8,4,0,131,574
2637,6,3.0,3,6,6,4,0,1,165
2638,6,3.0,3,6,6,4,4,8,165
2639,6,3.0,3,6,6,4,1,38,165
2640,6,3.0,3,6,6,4,0,2,184
2641,3,2.0,2,4,4,4,4,38,117
2642,6,3.0,3,5,6,4,4,38,117
2643,3,2.0,2,4,3,0,0,11,242
2644,6,3.0,3,6,6,0,0,65,242
2645,6,3.0,3,5,6,0,3,11,242
2646,6,3.0,3,6,6,4,0,25,79
2647,6,3.0,3,6,6,4,0,1,9
2648,5,2.0,3,5,5,3,4,1,575
2649,4,2.0,2,4,4,0,0,2,576
2650,6,3.0,3,6,6,0,0,16,22
2651,6,2.0,2,4,6,0,1,2,22
2652,6,3.0,3,6,6,2,0,20,9
2653,6,3.0,3,6,6,2,2,6,180
2654,4,4.0,4,4,4,2,0,10,9
2655,5,3.0,2,5,5,5,0,9,18
2656,6,3.0,3,6,6,5,1,20,9
2657,7,3.0,3,7,6,5,4,8,516
2658,6,3.0,3,6,6,2,0,9,9
2659,6,2.0,3,5,6,2,0,2,577
2660,7,4.0,4,7,7,2,0,2,7
2661,7,3.0,4,7,7,1,0,19,346
2662,4,2.0,2,4,4,1,0,4,19
2663,6,3.0,3,6,6,5,0,74,37
2664,5,3.0,2,5,5,5,0,74,37
2665,6,3.0,3,6,6,5,4,74,37
2666,6,2.0,3,5,6,4,0,11,510
2667,3,3.0,3,6,5,4,3,11,510
2668,7,3.0,3,6,6,4,0,75,510
2669,7,3.0,4,7,7,1,0,16,237
2670,5,3.0,3,6,5,1,1,16,237
2671,7,4.0,4,7,7,1,0,16,578
2672,6,3.0,3,6,6,1,0,9,17
2673,6,3.0,3,6,6,1,4,9,17
2674,6,2.0,2,5,6,1,4,9,17
2675,4,2.0,2,4,4,3,0,31,299
2676,4,3.0,3,6,5,3,0,31,27
2677,5,2.0,2,4,5,3,0,8,27
2678,6,3.0,3,6,6,0,0,9,119
2679,7,4.0,3,7,7,0,3,10,53
2680,8,4.0,4,8,8,0,0,8,119
2681,6,3.0,3,6,6,3,3,1,80
2682,7,3.0,4,7,7,3,0,10,80
2683,6,3.0,3,5,6,3,4,2,9
2684,5,2.0,3,5,5,4,0,11,186
2685,6,3.0,3,6,6,4,0,8,422
2686,5,2.0,2,4,5,4,1,11,186
2687,3,2.0,2,4,3,2,0,2,500
2688,5,2.0,3,5,5,2,0,9,9
2689,5,3.0,3,5,5,2,0,9,7
2690,5,3.0,2,5,5,4,0,38,117
2691,6,3.0,3,6,6,4,4,8,117
2692,5,3.0,3,6,5,4,0,38,117
2693,6,3.0,3,6,6,1,0,36,579
2694,6,3.0,3,6,6,1,4,31,103
2695,6,3.0,3,6,7,1,3,171,103
2696,4,2.0,2,4,4,2,0,6,4
2697,5,3.0,2,5,5,2,3,179,165
2698,6,3.0,3,5,6,2,1,19,280
2699,4,2.0,2,4,4,3,0,10,181
2700,6,3.0,3,6,6,3,0,118,165
2701,6,4.0,4,6,6,3,0,20,165
2702,6,2.0,3,5,6,1,0,8,184
2703,6,3.0,3,6,6,0,2,8,16
2704,6,3.0,3,6,6,0,0,8,184
2705,6,3.0,3,6,6,3,0,11,580
2706,7,4.0,3,7,7,3,0,11,581
2707,5,3.0,3,5,6,3,1,11,84
2708,7,3.0,4,7,7,3,0,10,582
2709,6,3.0,3,6,6,3,3,60,583
2710,5,3.0,3,6,6,3,4,1,582
2711,6,3.0,3,6,6,0,4,9,18
2712,3,3.0,3,6,5,0,0,8,134
2713,4,3.0,2,5,4,0,3,8,134
2714,4,2.0,2,4,4,0,0,2,315
2715,6,3.0,3,6,6,0,0,8,315
2716,7,4.0,4,7,7,0,0,8,315
2717,5,3.0,2,5,5,5,2,39,96
2718,6,3.0,3,6,6,5,2,41,96
2719,8,4.0,4,8,8,5,1,41,96
2720,5,3.0,3,6,5,1,2,21,42
2721,6,3.0,3,6,6,1,2,21,42
2722,4,4.0,4,4,4,1,0,21,42
2723,7,3.0,4,7,7,1,0,58,66
2724,6,3.0,3,6,6,1,2,4,48
2725,6,3.0,3,6,6,1,3,76,44
2726,6,3.0,3,6,6,0,0,8,315
2727,4,3.0,3,6,5,0,0,8,315
2728,5,2.0,3,5,5,0,0,8,315
2729,6,3.0,3,6,6,2,0,9,7
2730,6,3.0,3,6,6,2,0,9,7
2731,7,4.0,4,7,7,2,4,9,7
2732,6,3.0,3,6,6,0,1,11,221
2733,6,3.0,3,6,6,0,4,6,253
2734,5,4.0,4,4,4,0,4,180,253
2735,6,3.0,3,6,6,3,0,40,584
2736,5,3.0,2,5,5,3,3,16,585
2737,7,4.0,4,7,7,3,3,8,18
2738,6,3.0,3,6,6,2,0,1,9
2739,6,3.0,3,6,6,2,3,8,7
2740,6,3.0,3,6,6,2,1,181,99
2741,6,3.0,3,6,6,4,0,1,586
2742,5,3.0,3,6,6,4,3,25,587
2743,9,4.0,5,9,9,4,4,25,588
2744,6,3.0,3,6,6,0,3,75,272
2745,6,3.0,3,6,6,0,0,8,114
2746,7,3.0,4,7,7,0,3,2,21
2747,6,3.0,3,6,6,2,0,9,9
2748,6,3.0,3,6,6,2,0,9,7
2749,7,4.0,4,7,7,2,0,10,9
2750,6,3.0,3,6,6,3,2,11,34
2751,6,3.0,3,6,6,3,0,8,19
2752,8,4.0,4,8,8,3,3,11,34
2753,5,2.0,3,5,5,1,0,10,53
2754,7,4.0,4,8,7,1,1,6,53
2755,6,3.0,3,6,6,1,3,6,589
2756,6,3.0,3,6,6,0,0,40,590
2757,8,4.0,4,8,8,3,1,2,590
2758,3,4.0,4,5,4,3,0,182,591
2759,4,2.0,2,4,4,3,0,2,580
2760,4,4.0,4,8,6,3,0,27,34
2761,8,4.0,4,8,8,3,3,2,18
2762,5,3.0,2,5,5,0,0,40,256
2763,3,2.0,2,4,3,0,0,2,23
2764,5,2.0,2,4,5,0,0,8,8
2765,6,3.0,3,6,6,5,0,10,53
2766,6,3.0,3,6,6,5,3,10,53
2767,7,4.0,4,7,7,5,1,20,121
2768,7,3.0,4,7,7,3,0,20,9
2769,7,4.0,4,7,7,3,0,1,102
2770,6,3.0,3,6,6,4,0,10,198
2771,5,3.0,2,5,5,3,0,1,592
2772,6,3.0,3,6,6,4,0,16,41
2773,6,3.0,3,6,6,4,1,121,73
2774,7,3.0,4,7,7,4,0,94,73
2775,5,2.0,2,4,5,4,0,94,73
2776,6,3.0,3,6,6,3,2,8,119
2777,7,4.0,4,8,7,3,3,10,9
2778,7,3.0,3,6,6,3,0,71,119
2779,6,3.0,3,6,6,0,0,16,127
2780,7,3.0,4,7,7,0,0,1,70
2781,7,4.0,4,7,7,0,2,1,19
2782,6,2.0,3,5,6,5,0,8,385
2783,5,3.0,2,5,5,5,0,8,431
2784,6,3.0,3,6,6,5,0,1,593
2785,7,4.0,3,7,7,0,0,1,594
2786,4,2.0,2,4,4,0,0,2,170
2787,6,3.0,3,5,6,0,0,16,19
2788,4,2.0,2,4,4,3,0,40,570
2789,6,3.0,3,6,6,3,3,8,11
2790,5,2.0,2,4,5,3,0,8,11
2791,7,3.0,4,7,7,2,0,9,123
2792,6,3.0,3,6,6,2,0,9,7
2793,7,4.0,4,7,7,2,3,9,7
2794,4,2.0,2,4,4,5,0,14,37
2795,6,3.0,3,6,6,5,0,8,595
2796,8,4.0,4,8,8,5,0,8,77
2797,5,2.0,2,4,5,3,0,17,9
2798,6,3.0,3,6,6,3,0,8,503
2799,5,3.0,2,5,5,0,2,1,170
2800,6,3.0,3,6,6,0,1,-1,-1
2801,4,2.0,2,4,4,0,0,1,24
2802,5,3.0,2,5,5,0,0,2,115
2803,7,3.0,4,7,7,1,0,19,39
2804,5,3.0,4,7,6,1,2,22,19
2805,8,4.0,4,8,8,1,3,11,19
2806,3,2.0,2,4,3,1,0,21,42
2807,6,4.0,4,8,7,1,3,21,42
2808,7,4.0,3,7,7,1,3,21,42
2809,6,3.0,3,6,6,4,0,10,186
2810,5,2.0,2,4,5,3,0,17,9
2811,6,3.0,3,6,6,4,0,10,186
2812,7,4.0,3,7,7,5,3,42,596
2813,4,2.0,2,4,4,5,0,26,37
2814,7,4.0,4,7,7,3,0,1,9
2815,5,3.0,2,5,5,4,0,73,331
2816,6,3.0,3,6,6,4,0,8,36
2817,6,3.0,3,6,6,4,4,73,161
2818,7,4.0,3,7,7,1,0,9,39
2819,7,3.0,3,6,6,2,0,8,9
2820,7,4.0,4,7,7,3,0,1,102
2821,6,3.0,3,6,6,4,0,38,21
2822,3,1.0,1,2,3,4,0,8,597
2823,5,3.0,3,5,5,4,2,8,597
2824,6,2.0,3,5,6,3,0,14,9
2825,3,3.0,3,6,5,3,0,16,22
2826,6,3.0,3,6,6,3,0,15,211
2827,6,3.0,3,6,6,1,2,76,108
2828,7,4.0,4,8,8,1,3,31,44
2829,6,4.0,4,6,6,1,0,31,44
2830,6,3.0,3,6,6,0,0,8,184
2831,6,3.0,3,6,6,0,4,26,39
2832,5,2.0,2,4,5,0,0,8,39
2833,6,3.0,3,6,6,3,0,1,9
2834,7,4.0,3,7,7,3,0,1,102
2835,6,3.0,4,7,6,3,0,8,343
2836,7,4.0,3,7,7,4,0,10,598
2837,6,3.0,3,6,6,4,3,10,598
2838,6,3.0,3,6,6,4,3,8,598
2839,6,3.0,3,6,6,3,0,1,24
2840,4,2.0,2,4,4,3,0,9,7
2841,7,3.0,4,7,6,3,0,10,9
2842,6,3.0,3,6,6,2,0,6,123
2843,5,3.0,3,6,5,2,1,9,7
2844,7,3.0,3,6,7,2,0,9,7
2845,4,2.0,2,4,4,3,0,1,9
2846,6,3.0,3,6,6,3,3,1,9
2847,5,3.0,3,5,5,0,0,8,599
2848,3,2.0,2,4,3,3,0,2,211
2849,4,3.0,3,6,5,3,0,10,9
2850,4,4.0,4,4,4,3,0,20,9
2851,6,3.0,3,6,6,3,0,39,16
2852,6,3.0,3,6,6,3,2,10,9
2853,7,4.0,4,7,7,3,1,10,9
2854,6,3.0,3,6,6,1,0,21,42
2855,6,3.0,4,7,7,1,0,19,19
2856,5,3.0,3,6,5,1,0,5,44
2857,6,3.0,3,6,6,3,0,14,600
2858,6,2.0,3,5,6,3,3,8,600
2859,6,3.0,3,6,6,3,0,37,601
2860,6,3.0,3,6,6,1,0,119,150
2861,6,3.0,3,6,6,1,3,119,150
2862,7,3.0,4,7,7,1,3,119,150
2863,5,3.0,2,5,5,1,0,74,602
2864,6,2.0,3,5,6,1,0,10,602
2865,7,3.0,3,6,8,1,0,10,90
2866,6,3.0,3,6,6,0,0,9,572
2867,6,4.0,4,8,7,3,3,10,9
2868,6,4.0,4,7,7,3,3,8,102
2869,6,3.0,3,6,6,3,0,1,9
2870,6,3.0,3,6,6,3,0,8,102
2871,5,3.0,3,5,5,3,3,20,9
2872,6,3.0,3,6,6,3,0,113,75
2873,6,3.0,3,6,6,3,3,1,9
2874,7,3.0,3,6,6,3,0,10,9
2875,6,3.0,3,6,6,3,0,1,603
2876,6,3.0,3,6,6,3,0,8,34
2877,6,3.0,3,6,6,3,0,1,457
2878,6,3.0,3,6,6,1,0,5,19
2879,5,3.0,2,5,5,1,2,5,19
2880,7,4.0,4,8,7,1,2,54,604
2881,6,3.0,3,6,6,4,1,90,488
2882,7,3.0,4,7,7,4,4,10,363
2883,4,4.0,4,4,4,4,4,8,605
2884,5,3.0,2,5,5,0,1,1,21
2885,6,3.0,3,6,6,0,4,8,21
2886,5,3.0,2,5,5,0,0,8,33
2887,6,3.0,3,6,6,3,0,1,9
2888,7,4.0,3,7,7,3,0,10,9
2889,6,3.0,3,5,6,3,0,1,9
2890,6,3.0,3,6,6,4,0,75,165
2891,5,2.0,2,4,5,4,0,75,165
2892,5,2.0,3,5,5,4,0,75,165
2893,6,3.0,3,6,6,4,0,90,606
2894,6,3.0,3,6,6,4,0,18,87
2895,5,3.0,3,5,6,4,1,30,73
2896,5,3.0,2,5,5,3,0,1,9
2897,6,3.0,3,6,6,3,3,1,9
2898,4,4.0,4,4,4,0,1,85,80
2899,6,3.0,3,6,6,2,0,6,167
2900,5,3.0,2,5,5,3,0,6,6
2901,6,3.0,3,6,6,2,2,6,560
2902,4,2.0,2,4,4,0,0,2,184
2903,8,4.0,4,8,8,0,4,8,22
2904,6,3.0,3,6,6,4,0,90,22
2905,6,3.0,3,6,6,1,0,4,138
2906,5,3.0,3,6,5,1,3,4,19
2907,7,4.0,4,7,8,1,0,4,48
2908,6,3.0,3,6,6,0,0,63,557
2909,6,3.0,3,6,6,0,2,8,53
2910,6,3.0,3,6,6,0,1,9,119
2911,4,2.0,2,4,4,5,0,1,9
2912,5,3.0,2,5,5,3,3,9,7
2913,6,3.0,3,6,6,3,0,10,9
2914,6,3.0,3,6,6,0,0,20,90
2915,6,3.0,3,6,6,0,0,20,90
2916,7,3.0,3,6,6,0,4,22,292
2917,6,3.0,3,6,6,4,0,75,197
2918,6,2.0,3,5,6,4,0,75,9
2919,7,4.0,4,7,7,4,0,1,18
2920,8,4.0,4,8,8,0,1,1,39
2921,5,3.0,2,5,5,3,0,16,503
2922,8,4.0,4,8,8,0,3,16,607
2923,7,3.0,4,7,7,4,0,38,186
2924,6,3.0,3,6,6,4,3,1,18
2925,4,2.0,3,5,4,4,0,38,186
2926,6,3.0,3,6,6,0,0,9,608
2927,6,3.0,3,6,6,3,0,1,9
2928,7,3.0,3,6,7,3,0,8,102
2929,3,2.0,2,4,3,3,0,14,34
2930,6,3.0,3,6,6,3,1,1,34
2931,6,4.0,4,6,6,3,0,14,34
2932,6,3.0,3,6,6,3,0,10,609
2933,6,3.0,3,6,6,3,4,8,609
2934,8,4.0,4,8,8,3,3,106,609
2935,6,3.0,3,6,6,3,3,10,101
2936,5,2.0,3,5,5,3,0,20,101
2937,6,3.0,3,6,6,3,1,10,101
2938,6,3.0,3,6,6,2,2,6,610
2939,4,2.0,2,4,4,2,0,6,330
2940,6,3.0,3,6,6,3,2,1,9
2941,4,4.0,4,8,6,5,4,14,96
2942,7,4.0,3,7,7,3,3,1,9
2943,6,3.0,3,6,6,4,0,25,611
2944,3,2.0,2,4,3,4,0,1,74
2945,7,4.0,4,7,7,4,0,14,74
2946,6,3.0,3,6,6,5,0,2,612
2947,6,3.0,3,6,6,5,0,10,612
2948,6,3.0,3,6,6,5,4,14,612
2949,5,3.0,3,6,5,3,0,97,75
2950,6,3.0,3,6,6,3,0,97,28
2951,4,4.0,4,4,4,3,3,97,28
2952,7,4.0,3,7,7,3,0,1,120
2953,6,3.0,3,6,6,3,0,8,120
2954,5,2.0,2,4,5,3,0,10,9
2955,6,3.0,3,6,6,1,0,66,24
2956,5,3.0,2,5,5,3,0,10,9
2957,4,4.0,4,4,4,1,0,66,613
2958,4,2.0,3,5,5,0,0,16,115
2959,6,3.0,3,6,6,2,0,8,39
2960,6,3.0,3,6,6,2,0,9,7
2961,4,4.0,4,4,4,2,0,9,7
2962,6,3.0,3,6,6,5,0,2,214
2963,8,4.0,4,8,8,5,0,28,11
2964,7,4.0,4,7,7,5,0,14,96
2965,6,3.0,3,6,6,1,0,9,614
2966,5,3.0,2,5,5,1,0,9,614
2967,6,3.0,3,7,6,1,0,8,3
2968,6,3.0,3,6,6,4,0,38,117
2969,4,2.0,2,4,4,3,0,1,9
2970,5,3.0,3,5,5,4,0,8,16
2971,6,3.0,3,6,6,4,0,79,615
2972,6,3.0,3,6,6,4,4,8,279
2973,6,3.0,3,6,6,4,0,10,51
2974,6,3.0,3,6,6,4,1,10,616
2975,6,3.0,3,5,6,3,1,10,269
2976,6,3.0,3,6,6,5,0,11,37
2977,5,3.0,3,6,5,5,0,11,78
2978,5,2.0,3,5,5,5,2,8,78
2979,7,3.0,4,7,7,1,0,15,63
2980,4,2.0,2,4,4,1,0,5,19
2981,6,4.0,4,6,6,1,0,23,617
